id,type,name,itemid,discount,viplevel,bind,levelshow,levelbuy,buycount,refreshtype,currencytype,currencycount,limittime,opensystemtime,newproduct,sortid,ischeckpaymember,activitytime,activitycount,level,rmb,goodsid,paydegree,fashion
商品id,商城类型:1:每周限购 2: 消耗品 3:龙玉 4:时装 5:坐骑 6:礼包 7: VIP 8：装备,商城名字,物品id,折扣百分比,vip等级限制,购买后是否绑定,显示等级,购买等级,次数,刷新方式 1：定时刷新 2：时间段刷新 3：开服几天后刷新0:代表永远都存在的商品 7：代表每日可购买次数，配合buycount和limittime可以设置成活动期间每日可购买，不配置limittime就是每日限购,货币类型:7表示龙币 9表示钻石,货币数量,限制购买时间段,开服开始时间,新品,排序id,是否检查特权加成,活动时间,活动次数,等级显示限制,（角）赠送rmb,支付使用goodsid,消费额度,时装标志1是时装
1,1,潘多拉火种,611,100,0,1,1,1,10,1,7,40,,,0,9,0,,,1=200,,,,
2,1,绿玛瑙,93,60,0,1,1,1,60,1,7,10,,,0,10,1,,,1=200,,,,
3,1,绿色晶体,62,60,0,1,1,1,6,1,7,40,,,0,11,0,,,1=200,,,,
4,1,蓝玛瑙,94,70,0,1,20,20,60,1,7,30,,,0,12,0,,,20=200,,,,
5,1,蓝色晶体,63,70,0,1,30,30,6,1,7,120,,,0,13,0,,,30=200,,,,
6,1,橙玛瑙,95,80,0,1,30,30,30,1,7,90,,,0,14,0,,,30=200,,,,
7,1,橙色晶体,64,80,0,1,40,40,3,1,7,360,,,0,15,0,,,40=200,,,,
8,1,绿玛瑙,93,60,0,1,1,1,40,1,9,10,,,0,4,1,,,1=200,,,,
9,1,绿色晶体,62,60,0,1,1,1,4,1,9,40,,,0,5,0,,,1=200,,,,
10,1,蓝玛瑙,94,70,0,1,20,20,40,1,9,30,,,0,6,0,,,20=200,,,,
11,1,蓝色晶体,63,70,0,1,30,30,4,1,9,120,,,0,7,0,,,30=200,,,,
12,1,橙玛瑙,95,80,0,1,30,30,20,1,9,90,,,0,8,0,,,30=200,,,,
13,1,橙色晶体,64,80,0,1,40,40,2,1,9,360,,,0,9,0,,,40=200,,,,
14,2,潘多拉幸运礼包,612,100,0,1,1,1,0,0,9,50,,,0,36,0,,,1=200,,,,
15,2,潘多拉之心,610,100,0,1,1,1,0,0,9,10,,,0,37,0,,,1=200,,,,
16,2,潘多拉火种,611,100,0,1,1,1,0,0,9,40,,,0,38,0,,,1=200,,,,
17,2,潘多拉之心,610,100,0,1,1,1,0,0,7,10,,,0,45,0,,,1=200,,,,
18,2,精灵派对蛋糕,602,100,0,1,1,1,0,0,7,30,,,0,40,0,,,1=200,,,,
19,2,英雄币,67,100,0,1,20,1,0,0,7,10,,,0,41,0,,,20=200,,,,
20,8,绿玛瑙,93,100,0,1,1,1,0,0,7,10,,,0,1,0,,,1=200,,,,
21,8,绿色晶体,62,100,0,1,1,1,0,0,7,40,,,0,2,0,,,1=200,,,,
22,8,蓝玛瑙,94,100,0,1,20,20,0,0,7,30,,,0,3,0,,,20=200,,,,
23,8,蓝色晶体,63,100,0,1,30,30,0,0,7,120,,,0,4,0,,,30=200,,,,
24,8,橙玛瑙,95,100,0,1,30,30,0,0,7,90,,,0,5,0,,,30=200,,,,
25,8,橙色晶体,64,100,0,1,40,40,0,0,7,360,,,0,6,0,,,40=200,,,,
26,2,红玫瑰,90,100,0,1,1,1,0,0,9,1,,,0,42,0,,,1=200,,,,
27,2,白玫瑰,91,100,0,1,1,1,0,0,9,5,,,0,43,0,,,1=200,,,,
28,2,蓝色妖姬,92,100,0,1,1,1,0,0,9,10,,,0,44,0,,,1=200,,,,
29,2,传令之蓝鸟,51,100,0,1,1,1,0,0,7,5,,,0,99,0,,,1=200,,,,
30,2,精灵派对蛋糕,602,100,0,1,1,1,0,0,9,30,,,0,46,0,,,1=200,,,,
31,2,高级英雄币,68,100,0,1,1,1,0,0,9,100,,,0,47,0,,,1=200,,,,
32,8,绿玛瑙,93,100,0,1,1,1,0,0,9,10,,,0,7,0,,,1=200,,,,
33,8,绿色晶体,62,100,0,1,1,1,0,0,9,40,,,0,8,0,,,1=200,,,,
34,8,蓝玛瑙,94,100,0,1,20,20,0,0,9,30,,,0,9,0,,,20=200,,,,
35,8,蓝色晶体,63,100,0,1,30,30,0,0,9,120,,,0,10,0,,,30=200,,,,
36,8,橙玛瑙,95,100,0,1,30,30,0,0,9,90,,,0,11,0,,,30=200,,,,
37,8,橙色晶体,64,100,0,1,40,40,0,0,9,360,,,0,12,0,,,40=200,,,,
38,2,传令之蓝鸟,51,100,0,1,1,1,0,0,9,5,,,0,48,0,,,1=200,,,,
39,3,1级巨熊龙玉,1000101,100,0,1,30,30,0,0,7,20,,,0,4,0,,,30=200,,,,
40,3,1级疾风龙玉,1000201,100,0,1,30,30,0,0,7,20,,,0,4,0,,,30=200,,,,
41,3,1级智慧龙玉,1000301,100,0,1,30,30,0,0,7,20,,,0,5,0,,,30=200,,,,
42,3,1级生命龙玉,1000401,100,0,1,30,30,0,0,7,20,,,0,7,0,,,30=200,,,,
43,3,1级破坏龙玉,1001101,100,0,1,30,30,0,0,7,20,,,0,9,0,,,30=200,,,,
44,3,1级魔力龙玉,1002101,100,0,1,30,30,0,0,7,20,,,0,11,0,,,30=200,,,,
45,3,1级致命龙玉,1003101,100,0,1,30,30,0,0,7,20,,,0,13,0,,,30=200,,,,
46,3,3级巨熊龙玉,1000103,100,0,1,30,30,0,0,9,80,,,0,4,0,,,30=200,,,,
47,3,3级疾风龙玉,1000203,100,0,1,30,30,0,0,9,80,,,0,4,0,,,30=200,,,,
48,3,3级智慧龙玉,1000303,100,0,1,30,30,0,0,9,80,,,0,4,0,,,30=200,,,,
49,3,3级生命龙玉,1000403,100,0,1,30,30,0,0,9,80,,,0,4,0,,,30=200,,,,
50,3,3级破坏龙玉,1001103,100,0,1,30,30,0,0,9,80,,,0,5,0,,,30=200,,,,
51,3,3级魔力龙玉,1002103,100,0,1,30,30,0,0,9,80,,,0,6,0,,,30=200,,,,
52,3,3级致命龙玉,1003103,100,0,1,30,30,0,0,9,80,,,0,7,0,,,30=200,,,,
53,4,熔岩时装礼包（永久）,15203,100,0,1,1,1,0,0,9,2880,,,0,5,0,,,1=200,2880,com.tencent.dragonnest.box_2880,5000,1
54,4,金属时装礼包（永久）,15210,100,0,1,1,1,0,0,9,1980,,,0,6,0,,,1=200,1980,com.tencent.dragonnest.box_1980,5000,1
55,4,新校园礼包（永久）,15212,100,0,1,1,1,0,0,9,980,,,0,7,0,,,1=200,980,com.tencent.dragonnest.box_980,5000,1
56,5,赤兔马兑换牌,730,100,0,1,1,1,0,0,7,1000,,,0,2,0,,,1=200,,,,
58,2,海鲜宴大礼包,137,100,0,1,32,1,0,0,9,500,,,0,49,0,,,32=200,,,,
59,2,寿司,5803,100,0,1,25,1,0,0,7,50,,,0,50,0,,,25=200,,,,
60,2,鳗鱼饭,5810,100,0,1,30,1,0,0,7,50,,,0,51,0,,,30=200,,,,
61,1,精炼石,238,50,0,1,33,1,3,1,9,100,,,0,13,0,,,33=200,,,,
63,8,精炼石,238,100,0,1,33,1,0,0,9,100,,,0,13,0,,,33=200,,,,
64,8,锻造石,239,100,0,1,33,1,0,0,9,100,,,0,14,0,,,33=200,,,,
66,1,120级攻击洗炼石,382,50,0,1,112,1,100,1,7,10,,,0,19,0,,,111=140,,,,
67,1,120级防御洗炼石,372,50,0,1,112,1,100,1,7,10,,,0,20,0,,,111=140,,,,
68,1,115级纹章洗炼石,144,60,0,1,114,1,100,1,7,5,,,0,21,0,,,114=124,,,,
69,1,110级攻击洗炼石,381,50,0,1,102,1,100,1,7,10,,,0,22,0,,,101=130,,,,
70,1,110级防御洗炼石,371,50,0,1,102,1,100,1,7,10,,,0,23,0,,,101=130,,,,
71,1,105级纹章洗炼石,143,60,0,1,104,1,100,1,7,5,,,0,24,0,,,104=114,,,,
72,1,100级攻击洗炼石,380,50,0,1,92,1,100,1,7,10,,,0,25,0,,,91=120,,,,
73,1,100级防御洗炼石,370,50,0,1,92,1,100,1,7,10,,,0,26,0,,,91=120,,,,
74,1,95级纹章洗炼石,142,60,0,1,94,1,100,1,7,5,,,0,27,0,,,94=104,,,,
75,1,90级攻击洗炼石,379,50,0,1,82,1,100,1,7,10,,,0,28,0,,,81=110,,,,
76,1,90级防御洗炼石,369,50,0,1,82,1,100,1,7,10,,,0,29,0,,,81=110,,,,
77,1,85级纹章洗炼石,141,60,0,1,84,1,100,1,7,5,,,0,30,0,,,84=94,,,,
78,1,80级攻击洗炼石,378,50,0,1,72,1,100,1,7,10,,,0,31,0,,,71=100,,,,
79,1,80级防御洗炼石,368,50,0,1,72,1,100,1,7,10,,,0,32,0,,,71=100,,,,
80,1,75级纹章洗炼石,140,60,0,1,74,1,100,1,7,5,,,0,33,0,,,74=84,,,,
81,1,70级攻击洗炼石,377,50,0,1,62,1,100,1,7,10,,,0,34,0,,,61=90,,,,
82,1,70级防御洗炼石,367,50,0,1,62,1,100,1,7,10,,,0,35,0,,,61=90,,,,
83,1,65级纹章洗炼石,139,60,0,1,64,1,100,1,7,5,,,0,36,0,,,64=74,,,,
84,1,60级攻击洗炼石,376,50,0,1,52,1,100,1,7,10,,,0,37,0,,,51=80,,,,
85,1,60级防御洗炼石,366,50,0,1,52,1,100,1,7,10,,,0,38,0,,,51=80,,,,
86,1,55级纹章洗炼石,134,60,0,1,54,1,100,1,7,5,,,0,39,0,,,54=64,,,,
87,1,50级攻击洗炼石,375,50,0,1,42,1,100,1,7,10,,,0,40,0,,,41=70,,,,
88,1,50级防御洗炼石,365,50,0,1,42,1,100,1,7,10,,,0,41,0,,,41=70,,,,
89,1,45级纹章洗炼石,133,60,0,1,44,1,100,1,7,5,,,0,42,0,,,44=54,,,,
90,1,40级攻击洗炼石,374,50,0,1,33,1,100,1,7,10,,,0,43,0,,,33=60,,,,
91,1,40级防御洗炼石,364,50,0,1,33,1,100,1,7,10,,,0,44,0,,,33=60,,,,
92,1,35级纹章洗炼石,132,60,0,1,34,1,100,1,7,5,,,0,45,0,,,34=44,,,,
93,1,32级攻击洗炼石,373,50,0,1,22,1,100,1,7,10,,,0,46,0,,,22=40,,,,
94,1,32级防御洗炼石,363,50,0,1,22,1,100,1,7,10,,,0,47,0,,,22=40,,,,
95,1,24级纹章洗炼石,131,60,0,1,24,1,100,1,7,5,,,0,48,0,,,24=40,,,,
96,8,120级攻击洗炼石,382,100,0,1,112,1,0,0,9,10,,,0,16,0,,,111=140,,,,
97,8,120级防御洗炼石,372,100,0,1,112,1,0,0,9,10,,,0,17,0,,,111=140,,,,
98,8,115级纹章洗炼石,144,100,0,1,114,1,0,0,9,5,,,0,18,0,,,114=124,,,,
99,8,110级攻击洗炼石,381,100,0,1,102,1,0,0,9,10,,,0,19,0,,,101=130,,,,
100,8,110级防御洗炼石,371,100,0,1,102,1,0,0,9,10,,,0,20,0,,,101=130,,,,
101,8,105级纹章洗炼石,143,100,0,1,104,1,0,0,9,5,,,0,21,0,,,104=114,,,,
102,8,100级攻击洗炼石,380,100,0,1,92,1,0,0,9,10,,,0,22,0,,,91=120,,,,
103,8,100级防御洗炼石,370,100,0,1,92,1,0,0,9,10,,,0,23,0,,,91=120,,,,
104,8,95级纹章洗炼石,142,100,0,1,94,1,0,0,9,5,,,0,24,0,,,94=104,,,,
105,8,90级攻击洗炼石,379,100,0,1,82,1,0,0,9,10,,,0,25,0,,,81=110,,,,
106,8,90级防御洗炼石,369,100,0,1,82,1,0,0,9,10,,,0,26,0,,,81=110,,,,
107,8,85级纹章洗炼石,141,100,0,1,84,1,0,0,9,5,,,0,27,0,,,84=94,,,,
108,8,80级攻击洗炼石,378,100,0,1,72,1,0,0,9,10,,,0,28,0,,,71=100,,,,
109,8,80级防御洗炼石,368,100,0,1,72,1,0,0,9,10,,,0,29,0,,,71=100,,,,
110,8,75级纹章洗炼石,140,100,0,1,74,1,0,0,9,5,,,0,30,0,,,74=84,,,,
111,8,70级攻击洗炼石,377,100,0,1,62,1,0,0,9,10,,,0,31,0,,,61=90,,,,
112,8,70级防御洗炼石,367,100,0,1,62,1,0,0,9,10,,,0,32,0,,,61=90,,,,
113,8,65级纹章洗炼石,139,100,0,1,64,1,0,0,9,5,,,0,33,0,,,64=74,,,,
114,8,60级攻击洗炼石,376,100,0,1,52,1,0,0,9,10,,,0,34,0,,,51=80,,,,
115,8,60级防御洗炼石,366,100,0,1,52,1,0,0,9,10,,,0,35,0,,,51=80,,,,
116,8,55级纹章洗炼石,134,100,0,1,54,1,0,0,9,5,,,0,36,0,,,54=64,,,,
117,8,50级攻击洗炼石,375,100,0,1,42,1,0,0,9,10,,,0,37,0,,,41=70,,,,
118,8,50级防御洗炼石,365,100,0,1,42,1,0,0,9,10,,,0,38,0,,,41=70,,,,
119,8,45级纹章洗炼石,133,100,0,1,44,1,0,0,9,5,,,0,39,0,,,44=54,,,,
120,8,40级攻击洗炼石,374,100,0,1,33,1,0,0,9,10,,,0,40,0,,,33=60,,,,
121,8,40级防御洗炼石,364,100,0,1,33,1,0,0,9,10,,,0,41,0,,,33=60,,,,
122,8,35级纹章洗炼石,132,100,0,1,34,1,0,0,9,5,,,0,42,0,,,34=44,,,,
123,8,32级攻击洗炼石,373,100,0,1,22,1,0,0,9,10,,,0,43,0,,,22=40,,,,
124,8,32级防御洗炼石,363,100,0,1,22,1,0,0,9,10,,,0,44,0,,,22=40,,,,
125,8,24级纹章洗炼石,131,100,0,1,24,1,0,0,9,5,,,0,45,0,,,24=40,,,,
126,2,海龙高级攻击附魔石,4112,100,0,1,40,1,0,0,9,200,,,0,52,0,,,40=50,,,,
127,2,海龙高级防御附魔石,4115,100,0,1,40,1,0,0,9,200,,,0,53,0,,,40=50,,,,
128,2,绿龙高级攻击附魔石,4118,100,0,1,51,1,0,0,9,200,,,0,54,0,,,51=70,,,,
129,2,绿龙高级防御附魔石,4121,100,0,1,51,1,0,0,9,200,,,0,55,0,,,51=70,,,,
130,2,沙漠龙高级攻击附魔石,4124,100,0,1,71,1,0,0,9,200,,,0,56,0,,,71=90,,,,
131,2,沙漠龙高级防御附魔石,4127,100,0,1,71,1,0,0,9,200,,,0,57,0,,,71=90,,,,
132,2,黑龙高级攻击附魔石,4130,100,0,1,91,1,0,0,9,200,,,0,58,0,,,91=130,,,,
133,2,黑龙高级防御附魔石,4133,100,0,1,91,1,0,0,9,200,,,0,59,0,,,91=130,,,,
134,2,73级攻击附魔宝石,275,100,0,1,200,1,0,0,9,200,,,0,60,0,,,200=200,,,,
135,2,73级防御附魔宝石,279,100,0,1,200,1,0,0,9,200,,,0,61,0,,,200=200,,,,
136,2,73级攻击附魔宝石,275,100,0,1,200,1,0,0,9,200,,,0,62,0,,,200=200,,,,
137,2,73级防御附魔宝石,279,100,0,1,200,1,0,0,9,200,,,0,63,0,,,200=200,,,,
138,2,73级攻击附魔宝石,275,100,0,1,200,1,0,0,9,200,,,0,64,0,,,200=200,,,,
139,2,73级防御附魔宝石,279,100,0,1,200,1,0,0,9,200,,,0,65,0,,,200=200,,,,
140,2,73级攻击附魔宝石,275,100,0,1,200,1,0,0,9,200,,,0,66,0,,,200=200,,,,
141,2,73级防御附魔宝石,279,100,0,1,200,1,0,0,9,200,,,0,67,0,,,200=200,,,,
142,2,职业变更劵,500,100,0,1,40,40,0,0,9,2880,,,0,68,0,,,40=200,,,,
143,6,精灵养成礼包,2209,50,0,1,1,1,10,2,9,520,2017-11-10 05:00:00=2017-11-16 05:00:00,,1,1,0,,,1=200,,,,
144,6,养成巨无霸礼包,2210,100,0,1,1,1,10,2,9,1280,2018-03-09 05:00:00=2018-03-12 05:00:00,,1,2,0,,,1=200,,,,
145,4,冰冻时装礼包,15197,100,0,1,1,1,1,2,9,3280,2017-11-14 05:00:00=2017-11-21 05:00:00,,1,1,0,,,1=200,,,,1
146,4,恶魔时装礼包（永久）,15199,100,0,1,1,1,1,2,9,3280,2017-09-08 05:00:00=2017-09-15 05:00:00,,0,1,0,,,1=200,,,,1
147,8,锻造石,239,100,0,1,33,1,0,0,7,100,,,0,10,0,,,33=200,,,,
148,1,锻造石,239,50,0,1,33,1,3,1,9,100,,,0,14,0,,,33=200,,,,
149,1,天降情礼,236,100,0,1,1,1,1,1,7,10,,,0,2,0,,,200=200,,,,
150,1,白色情人,237,100,0,1,1,1,1,1,9,10,,,0,1,0,,,200=200,,,,
151,2,地狱犬门票,340,100,0,1,33,1,0,0,7,30,,,0,45,0,,,33=42,,,,
152,2,狮蝎门票,341,100,0,1,43,1,0,0,7,30,,,0,45,0,,,43=52,,,,
153,2,天启门票,342,100,0,1,53,1,0,0,7,30,,,0,45,0,,,53=62,,,,
154,2,大主教门票,343,100,0,1,63,1,0,0,7,30,,,0,45,0,,,63=72,,,,
155,6,国庆狂欢大礼包,2212,20,0,1,1,1,1,7,9,940,2017-09-27 05:00:00=2017-10-01 05:00:00,,0,1,0,,,1=200,,,,
156,6,公测庆典礼包,498,30,0,1,1,1,1,2,9,960,2017-07-10 05:00:00=2017-07-12 05:00:00,,0,1,0,,,1=200,,,,
157,6,熊猫时装礼包,15200,100,0,1,1,1,1,2,9,3280,2017-08-10 05:00:00=2017-08-21 05:00:00,,1,2,0,,,1=200,,,,1
158,4,熊猫时装礼包,15200,100,0,1,1,1,1,2,9,3280,2017-08-10 05:00:00=2017-08-21 05:00:00,,0,1,0,,,1=200,,,,1
159,4,慵懒的海龟头饰,11343,70,0,1,1,1,1,2,9,411,2017-07-13 05:00:00=2017-07-27 05:00:00,,0,1,0,,,1=200,,,,1
160,2,普通结婚证明,590,100,0,1,200,200,0,0,7,500,,,0,39,0,,,200=200,,,,
161,2,,4904,100,0,1,1,1,0,0,7,50,,,0,38,0,,,1=200,,,,
162,1,黑暗边界入场券,4101,25,0,1,1,1,10,1,7,40,,,0,2,0,,,35=54,,,,
163,1,憎恨噩梦入场券,4102,25,0,1,1,1,10,1,7,40,,,0,2,0,,,55=74,,,,
164,1,扭曲噩梦入场券,4103,25,0,1,1,1,10,1,7,40,,,0,2,0,,,75=94,,,,
165,1,黑暗边界入场券,4101,100,0,1,200,200,20,1,9,40,,,0,1,0,,,200=200,,,,
166,1,憎恨噩梦入场券,4102,100,0,1,200,200,20,1,9,40,,,0,1,0,,,200=200,,,,
167,1,扭曲噩梦入场券,4103,100,0,1,200,200,20,1,9,40,,,0,1,0,,,200=200,,,,
168,1,黑暗边界入场券大礼包,950,100,0,1,1,1,8,1,7,200,,,0,2,0,,,35=54,,,,
169,1,憎恨噩梦入场券大礼包,951,100,0,1,1,1,8,1,7,200,,,0,2,0,,,55=74,,,,
170,1,扭曲噩梦入场券大礼包,952,100,0,1,1,1,8,1,7,200,,,0,2,0,,,75=94,,,,
171,2,巨人门票,344,100,0,1,73,1,0,0,7,30,,,0,45,0,,,73=82,,,,
172,1,全民pk赛入场券,4200,100,0,1,200,200,3,1,7,20,,,0,3,0,,,200=200,,,,
173,1,黄金复活苹果,5832,100,0,1,1,1,10,1,7,100,,,0,4,0,,,40=200,,,,
174,1,水龙之鳞,85,100,0,1,1,1,5,1,7,50,,,0,5,0,,,40=79,,,,
175,1,堕落魔石,89,100,0,1,1,1,5,1,7,50,,,0,6,0,,,60=200,,,,
176,2,染色剂,52,100,0,1,1,1,0,0,7,200,,,0,36,0,,,40=200,,,,
177,2,染色剂,52,100,0,1,1,1,0,0,9,200,,,0,30,0,,,1=200,,,,
178,4,潮流发型（永久）,10004,100,0,1,1,1,0,0,9,288,,,0,4,0,,,1=200,,,,1
179,4,时尚发型（永久）,10003,100,0,1,1,1,0,0,7,488,,,0,3,0,,,1=200,,,,1
180,2,职业变更劵,500,100,0,1,40,40,0,0,7,2880,,,0,37,0,,,40=200,,,,
181,2,台风金门票,345,100,0,1,83,1,0,0,7,30,,,0,45,0,,,83=92,,,,
182,4,金属帽子（永久）|金属帽子（永久）|金属帽子（永久）|金属帽子（永久）|金属帽子（永久）|金属帽子（永久）,10100,100,0,1,1,1,0,0,9,270,,,0,14,0,,,1=200,,,,1
183,4,金属上装（永久）|金属上装（永久）|金属上装（永久）|金属上装（永久）|金属上装（永久）|金属上装（永久）,10101,100,0,1,1,1,0,0,9,450,,,0,15,0,,,1=200,,,,1
184,4,金属下装（永久）|金属下装（永久）|金属下装（永久）|金属下装（永久）|金属下装（永久）|金属下装（永久）,10102,100,0,1,1,1,0,0,9,350,,,0,16,0,,,1=200,,,,1
185,4,金属手套（永久）|金属手套（永久）|金属手套（永久）|金属手套（永久）|金属手套（永久）|金属手套（永久）,10103,100,0,1,1,1,0,0,9,200,,,0,17,0,,,1=200,,,,1
186,4,金属鞋子（永久）|金属鞋子（永久）|金属鞋子（永久）|金属鞋子（永久）|金属鞋子（永久）|金属鞋子（永久）,10104,100,0,1,1,1,0,0,9,200,,,0,18,0,,,1=200,,,,1
187,4,金属短剑（永久）|金属长弓（永久）|金属法杖（永久）|金属权杖（永久）|金属加农炮（永久）|金属短剑（永久）,10105,100,0,1,1,1,0,0,9,450,,,0,19,0,,,1=200,,,,1
188,2,精灵派对蛋糕礼包,2244,30,0,1,1,1,10,2,7,400,2017-11-10 05:00:00=2017-11-16 05:00:00,,1,1,0,,,1=200,,,,
189,2,光明气息兑换券,59,100,0,1,1,1,0,0,9,1000,,,0,1,0,,,1=200,,,,
190,1,光明奇迹宝箱,60,50,0,1,1,1,1,1,9,1000,,,0,2,0,,,1=200,,,,
191,2,海龙中级攻击附魔石,4111,100,0,1,40,1,0,0,7,30,,,0,40,0,,,40=50,,,,
192,2,海龙中级防御附魔石,4114,100,0,1,40,1,0,0,7,30,,,0,40,0,,,40=50,,,,
193,2,绿龙中级攻击附魔石,4117,100,0,1,51,1,0,0,7,30,,,0,40,0,,,51=70,,,,
194,2,绿龙中级防御附魔石,4120,100,0,1,51,1,0,0,7,30,,,0,40,0,,,51=70,,,,
195,2,沙漠龙中级攻击附魔石,4123,100,0,1,71,1,0,0,7,30,,,0,40,0,,,71=90,,,,
196,2,沙漠龙中级防御附魔石,4126,100,0,1,71,1,0,0,7,30,,,0,40,0,,,71=90,,,,
197,2,黑龙中级攻击附魔石,4129,100,0,1,91,1,0,0,7,30,,,0,40,0,,,91=130,,,,
198,2,黑龙中级防御附魔石,4132,100,0,1,91,1,0,0,7,30,,,0,40,0,,,91=130,,,,
199,2,73级攻击附魔宝石,274,100,0,1,83,1,0,0,7,30,,,0,40,0,,,200=200,,,,
200,2,73级防御附魔宝石,278,100,0,1,83,1,0,0,7,30,,,0,40,0,,,200=200,,,,
201,2,73级攻击附魔宝石,274,100,0,1,93,1,0,0,7,30,,,0,40,0,,,200=200,,,,
202,2,73级防御附魔宝石,278,100,0,1,93,1,0,0,7,30,,,0,40,0,,,200=200,,,,
203,2,73级攻击附魔宝石,274,100,0,1,103,1,0,0,7,30,,,0,40,0,,,200=200,,,,
204,2,73级防御附魔宝石,278,100,0,1,103,1,0,0,7,30,,,0,40,0,,,200=200,,,,
205,4,锦绣套帽子（永久）|锦绣套帽子（永久）|锦绣套帽子（永久）|锦绣套帽子（永久）|锦绣套帽子（永久）|锦绣套帽子（永久）,10800,100,0,1,1,1,1,2,9,550,2017-10-01 05:00:00=2017-10-08 05:00:00,,1,8,0,,,1=200,,,,1
206,4,锦绣套上装（永久）|锦绣套上装（永久）|锦绣套上装（永久）|锦绣套上装（永久）|锦绣套上装（永久）|锦绣套上装（永久）,10801,100,0,1,1,1,1,2,9,650,2017-10-01 05:00:00=2017-10-08 05:00:00,,1,9,0,,,1=200,,,,1
207,4,锦绣套下装（永久）|锦绣套下装（永久）|锦绣套下装（永久）|锦绣套下装（永久）|锦绣套下装（永久）|锦绣套下装（永久）,10802,100,0,1,1,1,1,2,9,650,2017-10-01 05:00:00=2017-10-08 05:00:00,,1,10,0,,,1=200,,,,1
208,4,锦绣套手套（永久）|锦绣套手套（永久）|锦绣套手套（永久）|锦绣套手套（永久）|锦绣套手套（永久）|锦绣套手套（永久）,10803,100,0,1,1,1,1,2,9,300,2017-10-01 05:00:00=2017-10-08 05:00:00,,1,11,0,,,1=200,,,,1
209,4,锦绣套鞋子（永久）|锦绣套鞋子（永久）|锦绣套鞋子（永久）|锦绣套鞋子（永久）|锦绣套鞋子（永久）|锦绣套鞋子（永久）,10804,100,0,1,1,1,1,2,9,450,2017-10-01 05:00:00=2017-10-08 05:00:00,,1,12,0,,,1=200,,,,1
210,4,锦绣套长剑（永久）|锦绣套长弓（永久）|锦绣套法杖（永久）|锦绣套权杖（永久）|锦绣套加农炮（永久）|锦绣套短剑（永久）,15284,100,0,1,1,1,1,2,9,850,2017-10-01 05:00:00=2017-10-08 05:00:00,,1,13,0,,,1=200,,,,1
211,1,重铸石,607,80,0,1,200,200,1,1,7,400,,,0,7,0,,,200=200,,,,
212,1,融合石,608,80,0,1,200,200,1,1,7,400,,,0,8,0,,,200=200,,,,
213,2,重铸石,607,100,0,1,1,1,0,0,7,400,,,0,49,0,,,1=200,,,,
214,2,融合石,608,100,0,1,1,1,0,0,7,400,,,0,50,0,,,1=200,,,,
215,4,浪漫发型（永久）|浪漫七夕发型（永久）|浪漫七夕发型（永久）|浪漫七夕发型（永久）|浪漫七夕发型（永久）|浪漫七夕发型（永久）,10017,100,0,1,1,1,0,0,9,288,,,1,2,0,,,1=200,,,,1
216,2,豪华结婚证明,591,100,0,1,200,200,0,0,9,1000,,,0,35,0,,,200=200,,,,
217,1,,599,40,0,1,1,1,3,1,9,250,,,1,3,0,,,1=200,,,,
218,1,紫玛瑙,96,80,0,1,40,40,20,1,7,270,,,0,16,0,,,40=200,,,,
219,1,紫色晶体,65,80,0,1,80,80,1,1,7,1080,,,0,17,0,,,80=200,,,,
220,1,红玛瑙,97,80,0,1,80,80,10,1,7,810,,,0,18,0,,,80=200,,,,
221,1,紫玛瑙,96,80,0,1,40,40,20,1,9,270,,,0,10,0,,,40=200,,,,
222,1,紫色晶体,65,80,0,1,80,80,1,1,9,1080,,,0,11,0,,,80=200,,,,
223,1,红玛瑙,97,80,0,1,80,80,10,1,9,810,,,0,12,0,,,80=200,,,,
224,8,紫玛瑙,96,100,0,1,40,40,0,0,9,270,,,0,13,0,,,40=200,,,,
225,8,紫色晶体,65,100,0,1,80,80,0,0,9,1080,,,0,14,0,,,80=200,,,,
226,8,红玛瑙,97,100,0,1,80,80,0,0,9,810,,,0,15,0,,,80=200,,,,
227,8,紫玛瑙,96,100,0,1,40,40,0,0,7,270,,,0,7,0,,,40=200,,,,
228,8,紫色晶体,65,100,0,1,80,80,0,0,7,1080,,,0,8,0,,,80=200,,,,
229,8,红玛瑙,97,100,0,1,80,80,0,0,7,810,,,0,9,0,,,80=200,,,,
230,1,,86,100,0,1,1,1,5,1,7,50,,,0,6,0,,,80=200,,,,
231,6,新服强化礼包,2216,100,0,1,1,1,1,4,9,60,,7,1,3,0,,,1=200,,,,1
232,6,新服精灵成长礼包,2217,100,0,1,1,1,1,4,9,250,,7,1,4,0,,,1=200,,,,1
233,6,新服龙玉礼包,2218,100,0,1,1,1,1,4,9,80,,7,1,5,0,,,1=200,,,,1
234,1,坐骑大礼包,2219,100,0,1,200,200,0,1,7,1000,,,1,1,0,,,200=200,,,,
235,1,重铸石,607,74,0,1,55,55,4,1,9,400,,,0,1,0,,,55=200,,,,
236,2,,611,100,0,1,1,1,5,7,7,40,2017-10-01 05:00:00=2017-10-08 05:00:00,,1,98,0,,,1=200,,,,
237,4,秋日送爽发型,10019,100,0,1,1,1,0,0,9,288,,,1,1,0,,,1=200,,,,1
238,2,装备强化礼包,2211,85,0,1,1,1,5,7,7,400,2017-12-01 05:00:00=2017-12-03 05:00:00,,1,1,0,,,33=200,,,,
239,2,双11狂欢玛瑙礼包,2245,40,0,1,1,1,10,2,7,300,2017-11-10 05:00:00=2017-11-16 05:00:00,,1,2,0,,,1=200,,,,
240,2,双11狂欢龙玉礼包,2246,40,0,1,1,1,15,2,7,280,2017-11-10 05:00:00=2017-11-16 05:00:00,,1,3,0,,,1=200,,,,
241,2,24级纹章洗炼石礼包,2247,20,0,1,1,1,10,2,7,750,2017-11-10 05:00:00=2017-11-16 05:00:00,,1,4,0,,,1=34,,,,
242,2,34级纹章洗炼石礼包,2248,20,0,1,35,1,10,2,7,750,2017-11-10 05:00:00=2017-11-16 05:00:00,,1,5,0,,,35=44,,,,
243,2,44级纹章洗炼石礼包,2249,20,0,1,45,1,10,2,7,750,2017-11-10 05:00:00=2017-11-16 05:00:00,,1,6,0,,,45=54,,,,
244,2,54级纹章洗炼石礼包,2250,20,0,1,55,1,10,2,7,750,2017-11-10 05:00:00=2017-11-16 05:00:00,,1,7,0,,,55=64,,,,
245,2,64级纹章洗炼石礼包,2251,20,0,1,65,1,10,2,7,750,2017-11-10 05:00:00=2017-11-16 05:00:00,,1,8,0,,,65=74,,,,
246,2,74级纹章洗炼石礼包,2252,20,0,1,75,1,10,2,7,750,2017-11-10 05:00:00=2017-11-16 05:00:00,,1,9,0,,,75=84,,,,
247,2,84级纹章洗炼石礼包,2253,20,0,1,85,1,10,2,7,750,2017-11-10 05:00:00=2017-11-16 05:00:00,,1,10,0,,,85=94,,,,
248,2,94级纹章洗炼石礼包,2254,20,0,1,95,1,10,2,7,750,2017-11-10 05:00:00=2017-11-16 05:00:00,,1,11,0,,,95=104,,,,
249,2,104级纹章洗炼石礼包,2255,20,0,1,105,1,10,2,7,750,2017-11-10 05:00:00=2017-11-16 05:00:00,,1,12,0,,,105=114,,,,
250,2,32级防御洗炼石礼包,2257,20,0,1,1,1,10,2,7,375,2017-11-10 05:00:00=2017-11-16 05:00:00,,1,13,0,,,1=32,,,,
251,2,32级攻击洗炼石礼包,2258,20,0,1,1,1,10,2,7,375,2017-11-10 05:00:00=2017-11-16 05:00:00,,1,14,0,,,1=32,,,,
252,2,40级防御洗炼石礼包,2259,20,0,1,33,1,10,2,7,375,2017-11-10 05:00:00=2017-11-16 05:00:00,,1,15,0,,,33=40,,,,
253,2,40级攻击洗炼石礼包,2260,20,0,1,33,1,10,2,7,375,2017-11-10 05:00:00=2017-11-16 05:00:00,,1,16,0,,,33=40,,,,
254,2,50级防御洗炼石礼包,2261,20,0,1,41,1,10,2,7,375,2017-11-10 05:00:00=2017-11-16 05:00:00,,1,17,0,,,41=50,,,,
255,2,50级攻击洗炼石礼包,2262,20,0,1,41,1,10,2,7,375,2017-11-10 05:00:00=2017-11-16 05:00:00,,1,18,0,,,41=50,,,,
256,2,60级防御洗炼石礼包,2263,20,0,1,51,1,10,2,7,375,2017-11-10 05:00:00=2017-11-16 05:00:00,,1,19,0,,,51=60,,,,
257,2,60级攻击洗炼石礼包,2264,20,0,1,51,1,10,2,7,375,2017-11-10 05:00:00=2017-11-16 05:00:00,,1,20,0,,,51=60,,,,
258,2,70级防御洗炼石礼包,2265,20,0,1,61,1,10,2,7,375,2017-11-10 05:00:00=2017-11-16 05:00:00,,1,21,0,,,61=70,,,,
259,2,70级攻击洗炼石礼包,2266,20,0,1,61,1,10,2,7,375,2017-11-10 05:00:00=2017-11-16 05:00:00,,1,22,0,,,61=70,,,,
260,2,80级防御洗炼石礼包,2267,20,0,1,71,1,10,2,7,375,2017-11-10 05:00:00=2017-11-16 05:00:00,,1,23,0,,,71=80,,,,
261,2,80级攻击洗炼石礼包,2268,20,0,1,71,1,10,2,7,375,2017-11-10 05:00:00=2017-11-16 05:00:00,,1,24,0,,,71=80,,,,
262,2,90级防御洗炼石礼包,2269,20,0,1,81,1,10,2,7,375,2017-11-10 05:00:00=2017-11-16 05:00:00,,1,25,0,,,81=90,,,,
263,2,90级攻击洗炼石礼包,2270,20,0,1,81,1,10,2,7,375,2017-11-10 05:00:00=2017-11-16 05:00:00,,1,26,0,,,81=90,,,,
264,2,100级防御洗炼石礼包,2271,20,0,1,91,1,10,2,7,375,2017-11-10 05:00:00=2017-11-16 05:00:00,,1,27,0,,,91=100,,,,
265,2,100级攻击洗炼石礼包,2272,20,0,1,91,1,10,2,7,375,2017-11-10 05:00:00=2017-11-16 05:00:00,,1,28,0,,,91=100,,,,
266,2,110级防御洗炼石礼包,2273,20,0,1,101,1,10,2,7,375,2017-11-10 05:00:00=2017-11-16 05:00:00,,1,29,0,,,101=110,,,,
267,2,110级攻击洗炼石礼包,2274,20,0,1,101,1,10,2,7,375,2017-11-10 05:00:00=2017-11-16 05:00:00,,1,30,0,,,101=110,,,,
268,2,120级防御洗炼石礼包,2275,20,0,1,111,1,10,2,7,375,2017-11-10 05:00:00=2017-11-16 05:00:00,,1,31,0,,,111=120,,,,
269,2,120级攻击洗炼石礼包,2276,20,0,1,111,1,10,2,7,375,2017-11-10 05:00:00=2017-11-16 05:00:00,,1,32,0,,,111=120,,,,
270,2,周末龙器礼包,2277,50,0,1,1,1,4,2,7,1000,2017-11-10 05:00:00=2017-11-16 05:00:00,,1,33,0,,,1=200,,,,
271,2,放大镜,919,100,0,1,1,1,0,0,9,20,,,0,34,0,,,1=200,,,,
272,4,新校园眼镜（永久）|新校园眼镜（永久）|新校园眼镜（永久）|新校园眼镜（永久）|新校园眼镜（永久）|新校园眼镜（永久）|新校园眼镜（永久）,10120,100,0,1,1,1,0,0,9,120,,,0,20,0,,,1=200,,,,1
273,4,新校园上装（永久）|新校园上装（永久）|新校园上装（永久）|新校园上装（永久）|新校园上装（永久）|新校园上装（永久）|新校园上装（永久）,10121,100,0,1,1,1,0,0,9,220,,,0,21,0,,,1=200,,,,1
274,4,新校园下装（永久）|新校园下装（永久）|新校园下装（永久）|新校园下装（永久）|新校园下装（永久）|新校园下装（永久）|新校园下装（永久）,10122,100,0,1,1,1,0,0,9,180,,,0,22,0,,,1=200,,,,1
275,4,新校园手套（永久）|新校园手套（永久）|新校园手套（永久）|新校园手套（永久）|新校园手套（永久）|新校园手套（永久）|新校园手套（永久）,10123,100,0,1,1,1,0,0,9,100,,,0,23,0,,,1=200,,,,1
276,4,新校园鞋子（永久）|新校园鞋子（永久）|新校园鞋子（永久）|新校园鞋子（永久）|新校园鞋子（永久）|新校园鞋子（永久）|新校园鞋子（永久）,10124,100,0,1,1,1,0,0,9,100,,,0,24,0,,,1=200,,,,1
277,4,新校园长剑（永久）|新校园长弓（永久）|新校园扇子（永久）|新校园权杖（永久）|新校园加农炮（永久）|新校园短剑（永久）|新校园扇子（永久）,10125,100,0,1,1,1,0,0,9,220,,,0,25,0,,,1=200,,,,1
278,4,新校园护手（永久）|新校园箭袋（永久）|新校园魔法书（永久）|新校园盾牌（永久）|新校园穿线环（永久）|新校园曲柄杖（永久）|新校园护身符（永久）,10126,100,0,1,1,1,0,0,9,150,,,0,26,0,,,1=200,,,,1
279,1,噩梦根源入场券,4104,25,0,1,1,1,10,1,7,40,,,0,2,0,,,95=114,,,,
280,1,噩梦根源入场券,4104,100,0,1,200,200,20,1,9,40,,,0,1,0,,,200=200,,,,
281,1,噩梦根源入场券大礼包,1034,100,0,1,1,1,8,1,7,200,,,0,2,0,,,95=114,,,,
282,1,漆黑的羽毛,98,100,0,1,1,1,5,1,7,50,,,0,6,0,,,100=200,,,,
283,2,职业变更劵,500,50,0,1,40,40,2,2,7,2880,2017-11-14 05:00:00=2017-11-17 05:00:00,,1,33,0,,,40=200,,,,
284,2,K博士门票,346,100,0,1,83,1,0,0,7,30,,,0,39,0,,,93=102,,,,
285,2,守护者门票,347,100,0,1,83,1,0,0,7,30,,,0,39,0,,,103=112,,,,
286,2,精灵派对蛋糕礼包,2244,30,0,1,1,1,10,2,7,400,2017-12-15 05:00:00=2017-12-18 05:00:00,,1,2,0,,,1=200,,,,
287,6,精灵养成礼包,549,100,0,1,1,1,15,2,9,272,2017-12-15 05:00:00=2017-12-18 05:00:00,,1,41,0,,,1=200,,,,
288,6,养成巨无霸礼包,550,100,0,1,1,1,10,2,9,1280,2018-06-08 05:00:00=2018-06-11 05:00:00,,1,42,0,,,1=200,,,,
289,2,精灵蛋特惠礼包,606,80,0,1,1,1,100,2,7,200,2017-12-15 05:00:00=2017-12-18 05:00:00,,1,1,0,,,1=200,,,,
290,2,蓝猫能量饮料（攻击）,5849,100,0,1,14,1,0,0,7,100,,,0,39,0,,,14=200,,,,
291,2,蓝猫能量饮料（防御）,5850,100,0,1,14,1,0,0,7,100,,,0,39,0,,,14=200,,,,
300,4,S时装兑换券跳转,3520,100,0,1,200,200,0,0,9,9999,,,0,99,0,,,200=200,,,,
301,4,金属短剑（永久）|金属长弓（永久）|金属法杖（永久）|金属权杖（永久）|金属加农炮（永久）|金属短剑（永久）,10106,100,0,1,1,1,0,0,9,200,,,0,19,0,,,1=200,,,,1
302,2,龙玉特惠礼包,9007,100,0,1,1,1,10,2,7,220,2017-12-29 05:00:00=2017-12-31 05:00:00,,1,1,0,,,200=200,,,,
303,2,龙器养成礼包,2233,100,0,1,1,1,15,2,7,840,2017-12-22 05:00:00=2017-12-25 05:00:00,,1,2,0,,,1=200,,,,
304,4,暗火时装礼包,15300,100,0,1,1,1,1,2,9,3280,2018-05-11 05:00:00=2018-05-18 05:00:00,,1,1,0,,,1=200,,,,1
305,2,新年福袋,2296,100,0,1,1,1,15,2,7,280,2017-12-29 05:00:00=2018-01-02 05:00:00,,1,3,0,,,1=200,,,,1
306,4,冬日暖阳,10020,100,0,1,1,1,0,0,9,288,,,1,1,0,,,1=200,,,,1
307,2,龙玉礼包,2303,40,0,1,1,1,15,2,7,280,2018-03-16 05:00:00=2018-03-19 05:00:00,,1,3,0,,,1=200,,,,
308,6,精灵升星药水礼包,459,75,0,1,1,1,30,2,9,250,2018-06-08 05:00:00=2018-06-11 05:00:00,,1,4,0,,,1=200,,,,
309,2,精灵派对蛋糕礼包,2226,100,0,1,1,1,20,2,7,240,2018-05-04 05:00:00=2018-05-07 05:00:00,,1,5,0,,,1=200,,,,
310,2,玛瑙礼包,2304,40,0,1,1,1,10,2,7,300,2018-06-01 05:00:00=2018-06-03 05:00:00,,1,6,0,,,1=200,,,,
311,2,装备强化特惠礼包,2211,85,0,1,1,1,5,2,7,424,2018-06-01 05:00:00=2018-06-03 05:00:00,,1,6,0,,,1=200,,,,
312,6,阵营印记礼包,2344,100,0,1,200,1,0,0,9,200,2018-03-01 05:00:00=2018-03-15 05:00:00,,1,2,0,,,200=200,,,,
313,6,精髓惊喜礼包,2308,100,0,1,1,1,30,2,9,250,2018-01-12 05:00:00=2018-01-15 05:00:00,,1,8,0,,,1=200,,,,
314,6,腊八套餐,2350,100,0,1,1,1,4,2,9,180,2018-01-19 05:00:00=2018-01-25 05:00:00,,1,8,0,,,1=200,,,,
315,2,门票特惠礼包,2352,100,0,1,1,1,20,2,7,200,2018-06-01 05:00:00=2018-06-03 05:00:00,,1,8,0,,,1=200,,,,
316,2,龙器养成礼包,2354,100,0,1,1,1,15,2,7,400,2018-06-01 05:00:00=2018-06-03 05:00:00,,1,8,0,,,1=200,,,,
317,6,浪漫樱花礼包,11208,100,0,1,1,1,40,2,9,750,2018-01-29 05:00:00=2018-02-02 05:00:00,,1,1,0,,,1=200,,,,
318,2,精髓惊喜礼包,2308,100,0,1,1,1,20,2,7,250,2018-02-09 05:00:00=2018-02-12 05:00:00,,1,7,0,,,1=200,,,,
319,6,精髓惊喜礼包,2308,100,0,1,1,1,30,2,9,250,2018-02-09 05:00:00=2018-02-12 05:00:00,,1,8,0,,,1=200,,,,
320,2,蛋糕礼包,2226,100,0,1,1,1,20,2,7,240,2018-06-08 05:00:00=2018-06-11 05:00:00,,1,9,0,,,1=200,,,,
321,2,精髓惊喜礼包,2308,100,0,1,1,1,20,2,7,250,2018-02-23 05:00:00=2018-02-26 05:00:00,,1,10,0,,,1=200,,,,
322,6,精髓惊喜礼包,2308,100,0,1,1,1,30,2,9,250,2018-02-23 05:00:00=2018-02-26 05:00:00,,1,11,0,,,1=200,,,,
323,1,特武奇迹宝箱,921,50,0,1,1,1,1,1,9,1000,,,1,1,0,,,1=200,,,,
324,4,霓裳羽衣帽子（永久）|霓裳羽衣帽子（永久）|霓裳羽衣帽子（永久）|霓裳羽衣帽子（永久）|霓裳羽衣帽子（永久）|霓裳羽衣帽子（永久）|霓裳羽衣帽子（永久）,10910,100,0,1,1,1,1,2,9,420,2018-02-14 05:00:00=2018-02-23 05:00:00,,1,8,0,,,1=200,,,,1
325,4,霓裳羽衣上装（永久）|霓裳羽衣上装（永久）|霓裳羽衣上装（永久）|霓裳羽衣上装（永久）|霓裳羽衣上装（永久）|霓裳羽衣上装（永久）|霓裳羽衣上装（永久）,10911,100,0,1,1,1,1,2,9,700,2018-02-14 05:00:00=2018-02-23 05:00:00,,1,9,0,,,1=200,,,,1
326,4,霓裳羽衣下装（永久）|霓裳羽衣下装（永久）|霓裳羽衣下装（永久）|霓裳羽衣下装（永久）|霓裳羽衣下装（永久）|霓裳羽衣下装（永久）|霓裳羽衣下装（永久）,10912,100,0,1,1,1,1,2,9,540,2018-02-14 05:00:00=2018-02-23 05:00:00,,1,10,0,,,1=200,,,,1
327,4,霓裳羽衣手套（永久）|霓裳羽衣手套（永久）|霓裳羽衣手套（永久）|霓裳羽衣手套（永久）|霓裳羽衣手套（永久）|霓裳羽衣手套（永久）|霓裳羽衣手套（永久）,10913,100,0,1,1,1,1,2,9,310,2018-02-14 05:00:00=2018-02-23 05:00:00,,1,11,0,,,1=200,,,,1
328,4,霓裳羽衣鞋子（永久）|霓裳羽衣鞋子（永久）|霓裳羽衣鞋子（永久）|霓裳羽衣鞋子（永久）|霓裳羽衣鞋子（永久）|霓裳羽衣鞋子（永久）|霓裳羽衣鞋子（永久）,10914,100,0,1,1,1,1,2,9,310,2018-02-14 05:00:00=2018-02-23 05:00:00,,1,12,0,,,1=200,,,,1
329,4,霓裳羽衣长剑（永久）|霓裳羽衣长弓（永久）|霓裳羽衣法杖（永久）|霓裳羽衣权杖（永久）|霓裳羽衣加农炮（永久）|霓裳羽衣短剑（永久）|霓裳羽衣扇子（永久）,10915,100,0,1,1,1,1,2,9,700,2018-02-14 05:00:00=2018-02-23 05:00:00,,1,13,0,,,1=200,,,,1
330,4,霓裳羽衣护手（永久）|霓裳羽衣箭袋（永久）|霓裳羽衣魔法书（永久）|霓裳羽衣盾牌（永久）|霓裳羽衣穿线环（永久）|霓裳羽衣曲柄杖（永久）|霓裳羽衣护身符（永久）,10916,100,0,1,1,1,1,2,9,310,2018-02-14 05:00:00=2018-02-23 05:00:00,,1,14,0,,,1=200,,,,1
331,4,霓裳羽衣时装礼包（永久）,15322,100,0,1,1,1,1,2,9,3280,2018-02-14 05:00:00=2018-02-23 05:00:00,,1,1,0,,,1=200,,,,1
332,6,阵营印记礼包,2344,100,0,1,20,1,10,2,9,1000,2018-03-01 05:00:00=2018-03-02 04:59:59,,1,2,0,,,20=200,,,,
333,6,阵营印记礼包,2344,100,0,1,20,1,0,2,9,500,2018-04-20 05:00:00=2018-05-03 23:59:59,,1,2,0,,,20=200,,,,
334,6,阵营印记礼包,2344,100,0,1,200,1,10,2,9,1000,2018-03-03 05:00:00=2018-03-04 04:59:59,,1,2,0,,,200=200,,,,
335,6,阵营印记礼包,2344,100,0,1,200,1,10,2,9,1000,2018-03-04 05:00:00=2018-03-05 04:59:59,,1,2,0,,,200=200,,,,
336,6,阵营印记礼包,2344,100,0,1,200,1,10,2,9,1000,2018-03-05 05:00:00=2018-03-06 04:59:59,,1,2,0,,,200=200,,,,
337,6,阵营印记礼包,2344,100,0,1,200,1,10,2,9,1000,2018-03-06 05:00:00=2018-03-07 04:59:59,,1,2,0,,,200=200,,,,
338,6,阵营印记礼包,2344,100,0,1,200,1,10,2,9,1000,2018-03-07 05:00:00=2018-03-08 04:59:59,,1,2,0,,,200=200,,,,
339,6,阵营印记礼包,2344,100,0,1,200,1,10,2,9,1000,2018-03-08 05:00:00=2018-03-09 04:59:59,,1,2,0,,,200=200,,,,
340,6,阵营印记礼包,2344,100,0,1,200,1,10,2,9,1000,2018-03-09 05:00:00=2018-03-10 04:59:59,,1,2,0,,,200=200,,,,
341,6,阵营印记礼包,2344,100,0,1,200,1,10,2,9,1000,2018-03-10 05:00:00=2018-03-11 04:59:59,,1,2,0,,,200=200,,,,
342,6,阵营印记礼包,2344,100,0,1,200,1,10,2,9,1000,2018-03-11 05:00:00=2018-03-12 04:59:59,,1,2,0,,,200=200,,,,
343,6,阵营印记礼包,2344,100,0,1,200,1,10,2,9,1000,2018-03-12 05:00:00=2018-03-13 04:59:59,,1,2,0,,,200=200,,,,
344,6,阵营印记礼包,2344,100,0,1,200,1,10,2,9,1000,2018-03-13 05:00:00=2018-03-14 04:59:59,,1,2,0,,,200=200,,,,
345,6,阵营印记礼包,2344,100,0,1,200,1,10,2,9,1000,2018-03-14 05:00:00=2018-03-15 04:59:59,,1,2,0,,,200=200,,,,
346,2,周年庆贺礼包,2378,100,0,1,20,1,20,2,7,300,2018-03-02 05:00:00=2018-03-05 05:00:00,,1,8,0,,,1=200,,,,
347,2,阵营印记小礼盒,8511,100,0,1,20,1,3,7,7,60,2018-04-20 05:00:00=2018-05-03 23:59:59,,1,8,0,,,1=200,,,,
348,2,女神小粉丝礼包,2380,100,0,1,1,1,3,7,7,80,2018-03-16 05:00:00=2018-03-30 05:00:00,,1,8,0,,,200=200,,,,
350,2,精髓升级礼包,2383,100,0,1,1,1,20,2,7,250,2018-06-08 05:00:00=2018-06-11 05:00:00,,1,10,0,,,1=200,,,,
351,6,精髓升级礼包,2383,100,0,1,1,1,30,2,9,250,2018-06-08 05:00:00=2018-06-11 05:00:00,,1,11,0,,,1=200,,,,
352,6,精髓批发礼包,2384,100,0,1,1,1,30,2,9,800,2018-06-08 05:00:00=2018-06-11 05:00:00,,1,10,0,,,1=200,,,,
353,1,豪华结婚证明,591,100,0,1,1,1,1,1,9,1000,,,0,35,0,,,1=200,,,,
354,1,普通结婚证明,590,100,0,1,1,1,1,1,7,500,,,0,39,0,,,1=200,,,,
355,2,鸿福值礼包,2387,100,0,1,1,1,0,2,7,200,2018-05-07 05:00:00=2018-05-17 05:00:00,,1,2,0,,,1=200,,,,
356,6,原谅礼包,2391,100,0,1,1,1,0,2,9,80,2018-03-23 05:00:00=2018-03-31 05:00:00,,1,2,0,,,1=200,,,,
357,2,樱桃薄饼,3103,100,0,1,1,1,0,2,9,300,2018-04-06 05:00:00=2018-04-27 05:00:00,,1,2,0,,,1=200,,,,
358,1,无限噩梦入场券,4105,25,0,1,1,1,10,1,7,40,,,0,2,0,,,115=134,,,,
359,1,无限噩梦入场券,4105,100,0,1,200,200,20,1,9,40,,,0,1,0,,,200=200,,,,
360,1,无限噩梦入场券大礼包,1051,100,0,1,1,1,8,1,7,200,,,0,2,0,,,115=134,,,,
361,2,迷雾门票,9008,100,0,1,113,1,0,0,7,30,,,0,39,0,,,113=122,,,,
362,1,极限龙本门票,9020,20,0,1,1,1,5,1,7,50,,,0,2,0,,,1=200,,,,
363,1,极限龙本门票礼包,2397,100,0,1,1,1,1,1,7,250,,,0,2,0,,,1=200,,,,
364,3,1级坚韧龙玉,1001301,100,0,1,30,30,0,0,7,40,,,0,3,0,,,30=200,,,,
365,3,1级法力龙玉,1002301,100,0,1,30,30,0,0,7,40,,,0,3,0,,,200=200,,,,
366,3,1级壁垒龙玉,1001201,100,0,1,30,30,0,0,7,40,,,0,3,0,,,30=200,,,,
367,3,1级帷幕龙玉,1002201,100,0,1,30,30,0,0,7,40,,,0,3,0,,,30=200,,,,
368,3,3级坚韧龙玉,1001303,100,0,1,30,30,0,0,9,160,,,0,2,0,,,30=200,,,,
369,3,3级法力龙玉,1002303,100,0,1,30,30,0,0,9,160,,,0,2,0,,,200=200,,,,
370,3,3级壁垒龙玉,1001203,100,0,1,30,30,0,0,9,160,,,0,2,0,,,30=200,,,,
371,3,3级帷幕龙玉,1002203,100,0,1,30,30,0,0,9,160,,,0,2,0,,,30=200,,,,
372,6,1级全属性攻击龙玉袋子,6106,100,0,1,30,30,0,0,9,60,,,0,2,0,,,30=200,,,,
373,6,1级火属性防御龙玉袋子,6107,100,0,1,30,30,0,0,9,40,,,0,2,0,,,30=200,,,,
374,6,1级水属性防御龙玉袋子,6108,100,0,1,30,30,0,0,9,40,,,0,2,0,,,30=200,,,,
375,6,1级光属性防御龙玉袋子,6109,100,0,1,30,30,0,0,9,40,,,0,2,0,,,30=200,,,,
376,6,1级暗属性防御龙玉袋子,6110,100,0,1,30,30,0,0,9,40,,,0,2,0,,,30=200,,,,
377,6,1级致命伤害龙玉袋子,6104,100,0,1,30,30,0,0,9,60,,,0,2,0,,,30=200,,,,
378,6,1级致命抵抗龙玉袋子,6105,100,0,1,30,30,0,0,9,30,,,0,2,0,,,200=200,,,,
379,2,蓝莓薄饼礼包,2504,100,0,1,30,30,0,2,7,150,2018-04-23 05:00:00=2018-04-27 05:00:00,,1,1,0,,,1=200,,,,
380,4,怪盗帽子（永久）|怪盗帽子（永久）|怪盗帽子（永久）|怪盗帽子（永久）|怪盗帽子（永久）|怪盗帽子（永久）|怪盗帽子（永久）,10950,100,0,1,1,1,1,2,9,420,2018-04-26 05:00:00=2018-05-01 05:00:00,,1,8,0,,,1=200,,,,1
381,4,怪盗上装（永久）|怪盗上装（永久）|怪盗上装（永久）|怪盗上装（永久）|怪盗上装（永久）|怪盗上装（永久）|怪盗上装（永久）,10951,100,0,1,1,1,1,2,9,700,2018-04-26 05:00:00=2018-05-01 05:00:00,,1,9,0,,,1=200,,,,1
382,4,怪盗下装（永久）|怪盗下装（永久）|怪盗下装（永久）|怪盗下装（永久）|怪盗下装（永久）|怪盗下装（永久）|怪盗下装（永久）,10952,100,0,1,1,1,1,2,9,540,2018-04-26 05:00:00=2018-05-01 05:00:00,,1,10,0,,,1=200,,,,1
383,4,怪盗手套（永久）|怪盗手套（永久）|怪盗手套（永久）|怪盗手套（永久）|怪盗手套（永久）|怪盗手套（永久）|怪盗手套（永久）,10953,100,0,1,1,1,1,2,9,310,2018-04-26 05:00:00=2018-05-01 05:00:00,,1,11,0,,,1=200,,,,1
384,4,怪盗鞋子（永久）|怪盗鞋子（永久）|怪盗鞋子（永久）|怪盗鞋子（永久）|怪盗鞋子（永久）|怪盗鞋子（永久）|怪盗鞋子（永久）,10954,100,0,1,1,1,1,2,9,310,2018-04-26 05:00:00=2018-05-01 05:00:00,,1,12,0,,,1=200,,,,1
385,4,怪盗长剑（永久）|怪盗长弓（永久）|怪盗法杖（永久）|怪盗权杖（永久）|怪盗加农炮（永久）|怪盗短剑（永久）|怪盗扇子（永久）,10955,100,0,1,1,1,1,2,9,700,2018-04-26 05:00:00=2018-05-01 05:00:00,,1,13,0,,,1=200,,,,1
386,4,怪盗护手（永久）|怪盗箭袋（永久）|怪盗魔法书（永久）|怪盗盾牌（永久）|怪盗穿线环（永久）|怪盗曲柄杖（永久）|怪盗护身符（永久）,10956,100,0,1,1,1,1,2,9,310,2018-04-26 05:00:00=2018-05-01 05:00:00,,1,14,0,,,1=200,,,,1
387,4,怪盗时装礼包（永久）,15330,100,0,1,1,1,1,2,9,3280,2018-04-26 05:00:00=2018-05-01 05:00:00,,1,1,0,,,1=200,,,,1
388,4,白色情人节时装礼包（永久）,15331,100,0,1,1,1,1,2,9,3280,2018-05-11 05:00:00=2018-05-18 05:00:00,,1,1,0,,,1=200,,,,1
389,4,神话时装礼包（永久）,15208,100,0,1,1,1,1,2,9,3280,2018-05-11 05:00:00=2018-05-18 05:00:00,,1,1,0,,,1=200,,,,1
390,4,嫁衣时装礼包（永久）,15318,100,0,1,1,1,1,2,9,3280,2018-05-11 05:00:00=2018-05-18 05:00:00,,1,1,0,,,200=200,,,,1
391,6,结婚证礼包,2511,100,0,1,1,1,0,2,9,200,2018-05-18 05:00:00=2018-05-21 05:00:00,,1,2,0,,,1=200,,,,
392,6,珍稀玫瑰,3551,100,0,1,1,1,0,2,9,100,2018-05-11 05:00:00=2018-05-24 05:00:00,,1,2,0,,,1=200,,,,
393,2,贡献小礼盒,2512,100,0,1,1,1,8,7,7,100,2018-05-11 05:00:00=2018-05-24 05:00:00,,1,2,0,,,1=200,,,,
394,6,个人贡献礼包,2513,100,0,1,1,1,0,2,9,5200,2018-05-11 05:00:00=2018-05-24 05:00:00,,1,2,0,,,1=200,,,,
395,6,告白时装小礼包,2516,100,0,1,1,1,0,2,9,80,2018-05-20 05:00:00=2018-05-27 05:00:00,,1,2,0,,,1=200,,,,
396,4,糖果童话时装（永久）,15249,100,0,1,1,1,1,2,9,3280,2018-06-01 05:00:00=2018-06-03 05:00:00,,1,1,0,,,1=200,3280,com.tencent.dragonnest.box_3280,5000,1
397,4,清新动物园奇遇记,15238,100,0,1,1,1,1,2,9,3280,2018-06-01 05:00:00=2018-06-03 05:00:00,,1,1,0,,,1=200,3280,com.tencent.dragonnest.box2_3280,5000,1
398,4,炫彩动物园奇遇记,15239,100,0,1,1,1,1,2,9,3280,2018-06-01 05:00:00=2018-06-03 05:00:00,,1,1,0,,,1=200,3280,com.tencent.dragonnest.box3_3280,5000,1
399,6,元素攻龙玉大宝箱,2602,100,0,1,1,1,16,2,9,250,2018-06-08 05:00:00=2018-06-14 23:59:59,,1,1,0,,,1=200,,,,
400,6,残暴龙玉大宝箱,2603,100,0,1,1,1,16,2,9,250,2018-06-08 05:00:00=2018-06-14 23:59:59,,1,1,0,,,1=200,,,,
401,6,火抗龙玉大宝箱,2604,100,0,1,1,1,16,2,9,150,2018-06-08 05:00:00=2018-06-14 23:59:59,,1,1,0,,,1=200,,,,
402,6,水抗龙玉大宝箱,2605,100,0,1,1,1,16,2,9,150,2018-06-08 05:00:00=2018-06-14 23:59:59,,1,1,0,,,1=200,,,,
403,6,光抗龙玉大宝箱,2606,100,0,1,1,1,16,2,9,150,2018-06-08 05:00:00=2018-06-14 23:59:59,,1,1,0,,,1=200,,,,
404,6,暗抗龙玉大宝箱,2607,100,0,1,1,1,16,2,9,150,2018-06-08 05:00:00=2018-06-14 23:59:59,,1,1,0,,,1=200,,,,
405,6,龙玉钥匙,6100,100,0,1,1,1,150,2,9,30,2018-06-08 05:00:00=2018-06-14 23:59:59,,1,1,0,,,1=200,,,,
406,6,阿尔杰塔手工粽子,390,100,0,1,1,1,30,2,9,150,2018-06-15 05:00:00=2018-06-18 05:00:00,,1,1,0,,,1=200,,,,
407,6,贝思柯德邪恶粽子,391,100,0,1,1,1,30,2,9,150,2018-06-15 05:00:00=2018-06-18 05:00:00,,1,1,0,,,1=200,,,,