SpriteID,Quality,EvolutionLevel,LevelLimit,EvolutionCost,TrainExp,ResetTrainCost,AddAttr,AttrExtra,TrainAttr
精灵id,品质,升星等级,升星等级条件,升星消耗(物品ID=数量),培养经验,重置培养消耗(物品ID=数量),升星提升固定属性,,每次培养增加随机属性
3201,1,1,25,603=1,100=300,7=60|604=2,11=12|21=12|13=250|12=25|22=25,,11=12=1|13=250=1|12=25=1|22=25=1
3201,1,2,32,603=2,100=400,7=80|604=2,11=25|21=25|13=500|12=50|22=50,,11=25=1|13=500=1|12=50=1|22=50=1
3201,1,3,40,603=3,100=500,7=100|604=3,11=37|21=37|13=750|12=75|22=75,,11=37=1|13=750=1|12=75=1|22=75=1
3201,1,4,50,603=4,100=600,7=120|604=4,11=50|21=50|13=1000|12=100|22=100,,11=50=1|13=1000=1|12=100=1|22=100=1
3201,1,5,60,603=5,100=700,7=140|604=4,11=62|21=62|13=1250|12=125|22=125,,11=62=1|13=1250=1|12=125=1|22=125=1
3201,1,6,70,603=6,100=800,7=160|604=5,11=75|21=75|13=1500|12=150|22=150,,11=75=1|13=1500=1|12=150=1|22=150=1
3201,1,7,80,603=7,100=900,7=180|604=6,11=87|21=87|13=1750|12=175|22=175,,11=87=1|13=1750=1|12=175=1|22=175=1
3201,1,8,90,603=8,100=1000,7=200|604=6,11=87|21=87|13=1750|12=175|22=175,,11=87=1|13=1750=1|12=175=1|22=175=1
3201,1,9,100,603=9,100=1200,7=220|604=7,11=87|21=87|13=1750|12=175|22=175,,11=87=1|13=1750=1|12=175=1|22=175=1
3202,1,1,25,603=1,100=300,7=60|604=2,11=12|21=12|13=250|12=25|22=25,,11=12=1|13=250=1|12=25=1|22=25=1
3202,1,2,32,603=2,100=400,7=80|604=2,11=25|21=25|13=500|12=50|22=50,,11=25=1|13=500=1|12=50=1|22=50=1
3202,1,3,40,603=3,100=500,7=100|604=3,11=37|21=37|13=750|12=75|22=75,,11=37=1|13=750=1|12=75=1|22=75=1
3202,1,4,50,603=4,100=600,7=120|604=4,11=50|21=50|13=1000|12=100|22=100,,11=50=1|13=1000=1|12=100=1|22=100=1
3202,1,5,60,603=5,100=700,7=140|604=4,11=62|21=62|13=1250|12=125|22=125,,11=62=1|13=1250=1|12=125=1|22=125=1
3202,1,6,70,603=6,100=800,7=160|604=5,11=75|21=75|13=1500|12=150|22=150,,11=75=1|13=1500=1|12=150=1|22=150=1
3202,1,7,80,603=7,100=900,7=180|604=6,11=87|21=87|13=1750|12=175|22=175,,11=87=1|13=1750=1|12=175=1|22=175=1
3202,1,8,90,603=8,100=1000,7=200|604=6,11=87|21=87|13=1750|12=175|22=175,,11=87=1|13=1750=1|12=175=1|22=175=1
3202,1,9,100,603=9,100=1200,7=220|604=7,11=87|21=87|13=1750|12=175|22=175,,11=87=1|13=1750=1|12=175=1|22=175=1
3203,1,1,25,603=1,100=300,7=60|604=2,11=12|21=12|13=250|12=25|22=25,,11=12=1|13=250=1|12=25=1|22=25=1
3203,1,2,32,603=2,100=400,7=80|604=2,11=25|21=25|13=500|12=50|22=50,,11=25=1|13=500=1|12=50=1|22=50=1
3203,1,3,40,603=3,100=500,7=100|604=3,11=37|21=37|13=750|12=75|22=75,,11=37=1|13=750=1|12=75=1|22=75=1
3203,1,4,50,603=4,100=600,7=120|604=4,11=50|21=50|13=1000|12=100|22=100,,11=50=1|13=1000=1|12=100=1|22=100=1
3203,1,5,60,603=5,100=700,7=140|604=4,11=62|21=62|13=1250|12=125|22=125,,11=62=1|13=1250=1|12=125=1|22=125=1
3203,1,6,70,603=6,100=800,7=160|604=5,11=75|21=75|13=1500|12=150|22=150,,11=75=1|13=1500=1|12=150=1|22=150=1
3203,1,7,80,603=7,100=900,7=180|604=6,11=87|21=87|13=1750|12=175|22=175,,11=87=1|13=1750=1|12=175=1|22=175=1
3203,1,8,90,603=8,100=1000,7=200|604=6,11=87|21=87|13=1750|12=175|22=175,,11=87=1|13=1750=1|12=175=1|22=175=1
3203,1,9,100,603=9,100=1200,7=220|604=7,11=87|21=87|13=1750|12=175|22=175,,11=87=1|13=1750=1|12=175=1|22=175=1
3204,1,1,25,603=1,100=300,7=60|604=2,11=12|21=12|13=250|12=25|22=25,,11=12=1|13=250=1|12=25=1|22=25=1
3204,1,2,32,603=2,100=400,7=80|604=2,11=25|21=25|13=500|12=50|22=50,,11=25=1|13=500=1|12=50=1|22=50=1
3204,1,3,40,603=3,100=500,7=100|604=3,11=37|21=37|13=750|12=75|22=75,,11=37=1|13=750=1|12=75=1|22=75=1
3204,1,4,50,603=4,100=600,7=120|604=4,11=50|21=50|13=1000|12=100|22=100,,11=50=1|13=1000=1|12=100=1|22=100=1
3204,1,5,60,603=5,100=700,7=140|604=4,11=62|21=62|13=1250|12=125|22=125,,11=62=1|13=1250=1|12=125=1|22=125=1
3204,1,6,70,603=6,100=800,7=160|604=5,11=75|21=75|13=1500|12=150|22=150,,11=75=1|13=1500=1|12=150=1|22=150=1
3204,1,7,80,603=7,100=900,7=180|604=6,11=87|21=87|13=1750|12=175|22=175,,11=87=1|13=1750=1|12=175=1|22=175=1
3204,1,8,90,603=8,100=1000,7=200|604=6,11=87|21=87|13=1750|12=175|22=175,,11=87=1|13=1750=1|12=175=1|22=175=1
3204,1,9,100,603=9,100=1200,7=220|604=7,11=87|21=87|13=1750|12=175|22=175,,11=87=1|13=1750=1|12=175=1|22=175=1
3205,1,1,25,603=1,100=300,7=60|604=2,11=12|21=12|13=250|12=25|22=25,,11=12=1|13=250=1|12=25=1|22=25=1
3205,1,2,32,603=2,100=400,7=80|604=2,11=25|21=25|13=500|12=50|22=50,,11=25=1|13=500=1|12=50=1|22=50=1
3205,1,3,40,603=3,100=500,7=100|604=3,11=37|21=37|13=750|12=75|22=75,,11=37=1|13=750=1|12=75=1|22=75=1
3205,1,4,50,603=4,100=600,7=120|604=4,11=50|21=50|13=1000|12=100|22=100,,11=50=1|13=1000=1|12=100=1|22=100=1
3205,1,5,60,603=5,100=700,7=140|604=4,11=62|21=62|13=1250|12=125|22=125,,11=62=1|13=1250=1|12=125=1|22=125=1
3205,1,6,70,603=6,100=800,7=160|604=5,11=75|21=75|13=1500|12=150|22=150,,11=75=1|13=1500=1|12=150=1|22=150=1
3205,1,7,80,603=7,100=900,7=180|604=6,11=87|21=87|13=1750|12=175|22=175,,11=87=1|13=1750=1|12=175=1|22=175=1
3205,1,8,90,603=8,100=1000,7=200|604=6,11=87|21=87|13=1750|12=175|22=175,,11=87=1|13=1750=1|12=175=1|22=175=1
3205,1,9,100,603=9,100=1200,7=220|604=7,11=87|21=87|13=1750|12=175|22=175,,11=87=1|13=1750=1|12=175=1|22=175=1
3206,1,1,25,603=1,100=300,7=60|604=2,11=12|21=12|13=250|12=25|22=25,,11=12=1|13=250=1|12=25=1|22=25=1
3206,1,2,32,603=2,100=400,7=80|604=2,11=25|21=25|13=500|12=50|22=50,,11=25=1|13=500=1|12=50=1|22=50=1
3206,1,3,40,603=3,100=500,7=100|604=3,11=37|21=37|13=750|12=75|22=75,,11=37=1|13=750=1|12=75=1|22=75=1
3206,1,4,50,603=4,100=600,7=120|604=4,11=50|21=50|13=1000|12=100|22=100,,11=50=1|13=1000=1|12=100=1|22=100=1
3206,1,5,60,603=5,100=700,7=140|604=4,11=62|21=62|13=1250|12=125|22=125,,11=62=1|13=1250=1|12=125=1|22=125=1
3206,1,6,70,603=6,100=800,7=160|604=5,11=75|21=75|13=1500|12=150|22=150,,11=75=1|13=1500=1|12=150=1|22=150=1
3206,1,7,80,603=7,100=900,7=180|604=6,11=87|21=87|13=1750|12=175|22=175,,11=87=1|13=1750=1|12=175=1|22=175=1
3206,1,8,90,603=8,100=1000,7=200|604=6,11=87|21=87|13=1750|12=175|22=175,,11=87=1|13=1750=1|12=175=1|22=175=1
3206,1,9,100,603=9,100=1200,7=220|604=7,11=87|21=87|13=1750|12=175|22=175,,11=87=1|13=1750=1|12=175=1|22=175=1
3207,1,1,25,603=1,100=300,7=60|604=2,11=12|21=12|13=250|12=25|22=25,,11=12=1|13=250=1|12=25=1|22=25=1
3207,1,2,32,603=2,100=400,7=80|604=2,11=25|21=25|13=500|12=50|22=50,,11=25=1|13=500=1|12=50=1|22=50=1
3207,1,3,40,603=3,100=500,7=100|604=3,11=37|21=37|13=750|12=75|22=75,,11=37=1|13=750=1|12=75=1|22=75=1
3207,1,4,50,603=4,100=600,7=120|604=4,11=50|21=50|13=1000|12=100|22=100,,11=50=1|13=1000=1|12=100=1|22=100=1
3207,1,5,60,603=5,100=700,7=140|604=4,11=62|21=62|13=1250|12=125|22=125,,11=62=1|13=1250=1|12=125=1|22=125=1
3207,1,6,70,603=6,100=800,7=160|604=5,11=75|21=75|13=1500|12=150|22=150,,11=75=1|13=1500=1|12=150=1|22=150=1
3207,1,7,80,603=7,100=900,7=180|604=6,11=87|21=87|13=1750|12=175|22=175,,11=87=1|13=1750=1|12=175=1|22=175=1
3207,1,8,90,603=8,100=1000,7=200|604=6,11=87|21=87|13=1750|12=175|22=175,,11=87=1|13=1750=1|12=175=1|22=175=1
3207,1,9,100,603=9,100=1200,7=220|604=7,11=87|21=87|13=1750|12=175|22=175,,11=87=1|13=1750=1|12=175=1|22=175=1
3208,1,1,25,603=1,100=300,7=60|604=2,11=12|21=12|13=250|12=25|22=25,,11=12=1|13=250=1|12=25=1|22=25=1
3208,1,2,32,603=2,100=400,7=80|604=2,11=25|21=25|13=500|12=50|22=50,,11=25=1|13=500=1|12=50=1|22=50=1
3208,1,3,40,603=3,100=500,7=100|604=3,11=37|21=37|13=750|12=75|22=75,,11=37=1|13=750=1|12=75=1|22=75=1
3208,1,4,50,603=4,100=600,7=120|604=4,11=50|21=50|13=1000|12=100|22=100,,11=50=1|13=1000=1|12=100=1|22=100=1
3208,1,5,60,603=5,100=700,7=140|604=4,11=62|21=62|13=1250|12=125|22=125,,11=62=1|13=1250=1|12=125=1|22=125=1
3208,1,6,70,603=6,100=800,7=160|604=5,11=75|21=75|13=1500|12=150|22=150,,11=75=1|13=1500=1|12=150=1|22=150=1
3208,1,7,80,603=7,100=900,7=180|604=6,11=87|21=87|13=1750|12=175|22=175,,11=87=1|13=1750=1|12=175=1|22=175=1
3208,1,8,90,603=8,100=1000,7=200|604=6,11=87|21=87|13=1750|12=175|22=175,,11=87=1|13=1750=1|12=175=1|22=175=1
3208,1,9,100,603=9,100=1200,7=220|604=7,11=87|21=87|13=1750|12=175|22=175,,11=87=1|13=1750=1|12=175=1|22=175=1
3209,1,1,25,603=1,100=300,7=60|604=2,11=12|21=12|13=250|12=25|22=25,,11=12=1|13=250=1|12=25=1|22=25=1
3209,1,2,32,603=2,100=400,7=80|604=2,11=25|21=25|13=500|12=50|22=50,,11=25=1|13=500=1|12=50=1|22=50=1
3209,1,3,40,603=3,100=500,7=100|604=3,11=37|21=37|13=750|12=75|22=75,,11=37=1|13=750=1|12=75=1|22=75=1
3209,1,4,50,603=4,100=600,7=120|604=4,11=50|21=50|13=1000|12=100|22=100,,11=50=1|13=1000=1|12=100=1|22=100=1
3209,1,5,60,603=5,100=700,7=140|604=4,11=62|21=62|13=1250|12=125|22=125,,11=62=1|13=1250=1|12=125=1|22=125=1
3209,1,6,70,603=6,100=800,7=160|604=5,11=75|21=75|13=1500|12=150|22=150,,11=75=1|13=1500=1|12=150=1|22=150=1
3209,1,7,80,603=7,100=900,7=180|604=6,11=87|21=87|13=1750|12=175|22=175,,11=87=1|13=1750=1|12=175=1|22=175=1
3209,1,8,90,603=8,100=1000,7=200|604=6,11=87|21=87|13=1750|12=175|22=175,,11=87=1|13=1750=1|12=175=1|22=175=1
3209,1,9,100,603=9,100=1200,7=220|604=7,11=87|21=87|13=1750|12=175|22=175,,11=87=1|13=1750=1|12=175=1|22=175=1
3210,1,1,25,603=1,100=300,7=60|604=2,11=12|21=12|13=250|12=25|22=25,,11=12=1|13=250=1|12=25=1|22=25=1
3210,1,2,32,603=2,100=400,7=80|604=2,11=25|21=25|13=500|12=50|22=50,,11=25=1|13=500=1|12=50=1|22=50=1
3210,1,3,40,603=3,100=500,7=100|604=3,11=37|21=37|13=750|12=75|22=75,,11=37=1|13=750=1|12=75=1|22=75=1
3210,1,4,50,603=4,100=600,7=120|604=4,11=50|21=50|13=1000|12=100|22=100,,11=50=1|13=1000=1|12=100=1|22=100=1
3210,1,5,60,603=5,100=700,7=140|604=4,11=62|21=62|13=1250|12=125|22=125,,11=62=1|13=1250=1|12=125=1|22=125=1
3210,1,6,70,603=6,100=800,7=160|604=5,11=75|21=75|13=1500|12=150|22=150,,11=75=1|13=1500=1|12=150=1|22=150=1
3210,1,7,80,603=7,100=900,7=180|604=6,11=87|21=87|13=1750|12=175|22=175,,11=87=1|13=1750=1|12=175=1|22=175=1
3210,1,8,90,603=8,100=1000,7=200|604=6,11=87|21=87|13=1750|12=175|22=175,,11=87=1|13=1750=1|12=175=1|22=175=1
3210,1,9,100,603=9,100=1200,7=220|604=7,11=87|21=87|13=1750|12=175|22=175,,11=87=1|13=1750=1|12=175=1|22=175=1
3211,1,1,25,603=1,100=300,7=60|604=2,11=12|21=12|13=250|12=25|22=25,,11=12=1|13=250=1|12=25=1|22=25=1
3211,1,2,32,603=2,100=400,7=80|604=2,11=25|21=25|13=500|12=50|22=50,,11=25=1|13=500=1|12=50=1|22=50=1
3211,1,3,40,603=3,100=500,7=100|604=3,11=37|21=37|13=750|12=75|22=75,,11=37=1|13=750=1|12=75=1|22=75=1
3211,1,4,50,603=4,100=600,7=120|604=4,11=50|21=50|13=1000|12=100|22=100,,11=50=1|13=1000=1|12=100=1|22=100=1
3211,1,5,60,603=5,100=700,7=140|604=4,11=62|21=62|13=1250|12=125|22=125,,11=62=1|13=1250=1|12=125=1|22=125=1
3211,1,6,70,603=6,100=800,7=160|604=5,11=75|21=75|13=1500|12=150|22=150,,11=75=1|13=1500=1|12=150=1|22=150=1
3211,1,7,80,603=7,100=900,7=180|604=6,11=87|21=87|13=1750|12=175|22=175,,11=87=1|13=1750=1|12=175=1|22=175=1
3211,1,8,90,603=8,100=1000,7=200|604=6,11=87|21=87|13=1750|12=175|22=175,,11=87=1|13=1750=1|12=175=1|22=175=1
3211,1,9,100,603=9,100=1200,7=220|604=7,11=87|21=87|13=1750|12=175|22=175,,11=87=1|13=1750=1|12=175=1|22=175=1
3212,1,1,25,603=1,100=300,7=60|604=2,11=12|21=12|13=250|12=25|22=25,,11=12=1|13=250=1|12=25=1|22=25=1
3212,1,2,32,603=2,100=400,7=80|604=2,11=25|21=25|13=500|12=50|22=50,,11=25=1|13=500=1|12=50=1|22=50=1
3212,1,3,40,603=3,100=500,7=100|604=3,11=37|21=37|13=750|12=75|22=75,,11=37=1|13=750=1|12=75=1|22=75=1
3212,1,4,50,603=4,100=600,7=120|604=4,11=50|21=50|13=1000|12=100|22=100,,11=50=1|13=1000=1|12=100=1|22=100=1
3212,1,5,60,603=5,100=700,7=140|604=4,11=62|21=62|13=1250|12=125|22=125,,11=62=1|13=1250=1|12=125=1|22=125=1
3212,1,6,70,603=6,100=800,7=160|604=5,11=75|21=75|13=1500|12=150|22=150,,11=75=1|13=1500=1|12=150=1|22=150=1
3212,1,7,80,603=7,100=900,7=180|604=6,11=87|21=87|13=1750|12=175|22=175,,11=87=1|13=1750=1|12=175=1|22=175=1
3212,1,8,90,603=8,100=1000,7=200|604=6,11=87|21=87|13=1750|12=175|22=175,,11=87=1|13=1750=1|12=175=1|22=175=1
3212,1,9,100,603=9,100=1200,7=220|604=7,11=87|21=87|13=1750|12=175|22=175,,11=87=1|13=1750=1|12=175=1|22=175=1
3213,1,1,25,603=1,100=300,7=60|604=2,11=12|21=12|13=250|12=25|22=25,,11=12=1|13=250=1|12=25=1|22=25=1
3213,1,2,32,603=2,100=400,7=80|604=2,11=25|21=25|13=500|12=50|22=50,,11=25=1|13=500=1|12=50=1|22=50=1
3213,1,3,40,603=3,100=500,7=100|604=3,11=37|21=37|13=750|12=75|22=75,,11=37=1|13=750=1|12=75=1|22=75=1
3213,1,4,50,603=4,100=600,7=120|604=4,11=50|21=50|13=1000|12=100|22=100,,11=50=1|13=1000=1|12=100=1|22=100=1
3213,1,5,60,603=5,100=700,7=140|604=4,11=62|21=62|13=1250|12=125|22=125,,11=62=1|13=1250=1|12=125=1|22=125=1
3213,1,6,70,603=6,100=800,7=160|604=5,11=75|21=75|13=1500|12=150|22=150,,11=75=1|13=1500=1|12=150=1|22=150=1
3213,1,7,80,603=7,100=900,7=180|604=6,11=87|21=87|13=1750|12=175|22=175,,11=87=1|13=1750=1|12=175=1|22=175=1
3213,1,8,90,603=8,100=1000,7=200|604=6,11=87|21=87|13=1750|12=175|22=175,,11=87=1|13=1750=1|12=175=1|22=175=1
3213,1,9,100,603=9,100=1200,7=220|604=7,11=87|21=87|13=1750|12=175|22=175,,11=87=1|13=1750=1|12=175=1|22=175=1
3214,1,1,25,603=1,100=300,7=60|604=2,11=12|21=12|13=250|12=25|22=25,,11=12=1|13=250=1|12=25=1|22=25=1
3214,1,2,32,603=2,100=400,7=80|604=2,11=25|21=25|13=500|12=50|22=50,,11=25=1|13=500=1|12=50=1|22=50=1
3214,1,3,40,603=3,100=500,7=100|604=3,11=37|21=37|13=750|12=75|22=75,,11=37=1|13=750=1|12=75=1|22=75=1
3214,1,4,50,603=4,100=600,7=120|604=4,11=50|21=50|13=1000|12=100|22=100,,11=50=1|13=1000=1|12=100=1|22=100=1
3214,1,5,60,603=5,100=700,7=140|604=4,11=62|21=62|13=1250|12=125|22=125,,11=62=1|13=1250=1|12=125=1|22=125=1
3214,1,6,70,603=6,100=800,7=160|604=5,11=75|21=75|13=1500|12=150|22=150,,11=75=1|13=1500=1|12=150=1|22=150=1
3214,1,7,80,603=7,100=900,7=180|604=6,11=87|21=87|13=1750|12=175|22=175,,11=87=1|13=1750=1|12=175=1|22=175=1
3214,1,8,90,603=8,100=1000,7=200|604=6,11=87|21=87|13=1750|12=175|22=175,,11=87=1|13=1750=1|12=175=1|22=175=1
3214,1,9,100,603=9,100=1200,7=220|604=7,11=87|21=87|13=1750|12=175|22=175,,11=87=1|13=1750=1|12=175=1|22=175=1
3215,1,1,25,603=1,100=300,7=60|604=2,11=12|21=12|13=250|12=25|22=25,,11=12=1|13=250=1|12=25=1|22=25=1
3215,1,2,32,603=2,100=400,7=80|604=2,11=25|21=25|13=500|12=50|22=50,,11=25=1|13=500=1|12=50=1|22=50=1
3215,1,3,40,603=3,100=500,7=100|604=3,11=37|21=37|13=750|12=75|22=75,,11=37=1|13=750=1|12=75=1|22=75=1
3215,1,4,50,603=4,100=600,7=120|604=4,11=50|21=50|13=1000|12=100|22=100,,11=50=1|13=1000=1|12=100=1|22=100=1
3215,1,5,60,603=5,100=700,7=140|604=4,11=62|21=62|13=1250|12=125|22=125,,11=62=1|13=1250=1|12=125=1|22=125=1
3215,1,6,70,603=6,100=800,7=160|604=5,11=75|21=75|13=1500|12=150|22=150,,11=75=1|13=1500=1|12=150=1|22=150=1
3215,1,7,80,603=7,100=900,7=180|604=6,11=87|21=87|13=1750|12=175|22=175,,11=87=1|13=1750=1|12=175=1|22=175=1
3215,1,8,90,603=8,100=1000,7=200|604=6,11=87|21=87|13=1750|12=175|22=175,,11=87=1|13=1750=1|12=175=1|22=175=1
3215,1,9,100,603=9,100=1200,7=220|604=7,11=87|21=87|13=1750|12=175|22=175,,11=87=1|13=1750=1|12=175=1|22=175=1
3216,1,1,25,603=1,100=300,7=60|604=2,11=12|21=12|13=250|12=25|22=25,,11=12=1|13=250=1|12=25=1|22=25=1
3216,1,2,32,603=2,100=400,7=80|604=2,11=25|21=25|13=500|12=50|22=50,,11=25=1|13=500=1|12=50=1|22=50=1
3216,1,3,40,603=3,100=500,7=100|604=3,11=37|21=37|13=750|12=75|22=75,,11=37=1|13=750=1|12=75=1|22=75=1
3216,1,4,50,603=4,100=600,7=120|604=4,11=50|21=50|13=1000|12=100|22=100,,11=50=1|13=1000=1|12=100=1|22=100=1
3216,1,5,60,603=5,100=700,7=140|604=4,11=62|21=62|13=1250|12=125|22=125,,11=62=1|13=1250=1|12=125=1|22=125=1
3216,1,6,70,603=6,100=800,7=160|604=5,11=75|21=75|13=1500|12=150|22=150,,11=75=1|13=1500=1|12=150=1|22=150=1
3216,1,7,80,603=7,100=900,7=180|604=6,11=87|21=87|13=1750|12=175|22=175,,11=87=1|13=1750=1|12=175=1|22=175=1
3216,1,8,90,603=8,100=1000,7=200|604=6,11=87|21=87|13=1750|12=175|22=175,,11=87=1|13=1750=1|12=175=1|22=175=1
3216,1,9,100,603=9,100=1200,7=220|604=7,11=87|21=87|13=1750|12=175|22=175,,11=87=1|13=1750=1|12=175=1|22=175=1
3217,1,1,25,603=1,100=300,7=60|604=2,11=12|21=12|13=250|12=25|22=25,,11=12=1|13=250=1|12=25=1|22=25=1
3217,1,2,32,603=2,100=400,7=80|604=2,11=25|21=25|13=500|12=50|22=50,,11=25=1|13=500=1|12=50=1|22=50=1
3217,1,3,40,603=3,100=500,7=100|604=3,11=37|21=37|13=750|12=75|22=75,,11=37=1|13=750=1|12=75=1|22=75=1
3217,1,4,50,603=4,100=600,7=120|604=4,11=50|21=50|13=1000|12=100|22=100,,11=50=1|13=1000=1|12=100=1|22=100=1
3217,1,5,60,603=5,100=700,7=140|604=4,11=62|21=62|13=1250|12=125|22=125,,11=62=1|13=1250=1|12=125=1|22=125=1
3217,1,6,70,603=6,100=800,7=160|604=5,11=75|21=75|13=1500|12=150|22=150,,11=75=1|13=1500=1|12=150=1|22=150=1
3217,1,7,80,603=7,100=900,7=180|604=6,11=87|21=87|13=1750|12=175|22=175,,11=87=1|13=1750=1|12=175=1|22=175=1
3217,1,8,90,603=8,100=1000,7=200|604=6,11=87|21=87|13=1750|12=175|22=175,,11=87=1|13=1750=1|12=175=1|22=175=1
3217,1,9,100,603=9,100=1200,7=220|604=7,11=87|21=87|13=1750|12=175|22=175,,11=87=1|13=1750=1|12=175=1|22=175=1
3218,1,1,25,603=1,100=300,7=60|604=2,11=12|21=12|13=250|12=25|22=25,,11=12=1|13=250=1|12=25=1|22=25=1
3218,1,2,32,603=2,100=400,7=80|604=2,11=25|21=25|13=500|12=50|22=50,,11=25=1|13=500=1|12=50=1|22=50=1
3218,1,3,40,603=3,100=500,7=100|604=3,11=37|21=37|13=750|12=75|22=75,,11=37=1|13=750=1|12=75=1|22=75=1
3218,1,4,50,603=4,100=600,7=120|604=4,11=50|21=50|13=1000|12=100|22=100,,11=50=1|13=1000=1|12=100=1|22=100=1
3218,1,5,60,603=5,100=700,7=140|604=4,11=62|21=62|13=1250|12=125|22=125,,11=62=1|13=1250=1|12=125=1|22=125=1
3218,1,6,70,603=6,100=800,7=160|604=5,11=75|21=75|13=1500|12=150|22=150,,11=75=1|13=1500=1|12=150=1|22=150=1
3218,1,7,80,603=7,100=900,7=180|604=6,11=87|21=87|13=1750|12=175|22=175,,11=87=1|13=1750=1|12=175=1|22=175=1
3218,1,8,90,603=8,100=1000,7=200|604=6,11=87|21=87|13=1750|12=175|22=175,,11=87=1|13=1750=1|12=175=1|22=175=1
3218,1,9,100,603=9,100=1200,7=220|604=7,11=87|21=87|13=1750|12=175|22=175,,11=87=1|13=1750=1|12=175=1|22=175=1
3219,1,1,25,603=1,100=300,7=60|604=2,11=12|21=12|13=250|12=25|22=25,,11=12=1|13=250=1|12=25=1|22=25=1
3219,1,2,32,603=2,100=400,7=80|604=2,11=25|21=25|13=500|12=50|22=50,,11=25=1|13=500=1|12=50=1|22=50=1
3219,1,3,40,603=3,100=500,7=100|604=3,11=37|21=37|13=750|12=75|22=75,,11=37=1|13=750=1|12=75=1|22=75=1
3219,1,4,50,603=4,100=600,7=120|604=4,11=50|21=50|13=1000|12=100|22=100,,11=50=1|13=1000=1|12=100=1|22=100=1
3219,1,5,60,603=5,100=700,7=140|604=4,11=62|21=62|13=1250|12=125|22=125,,11=62=1|13=1250=1|12=125=1|22=125=1
3219,1,6,70,603=6,100=800,7=160|604=5,11=75|21=75|13=1500|12=150|22=150,,11=75=1|13=1500=1|12=150=1|22=150=1
3219,1,7,80,603=7,100=900,7=180|604=6,11=87|21=87|13=1750|12=175|22=175,,11=87=1|13=1750=1|12=175=1|22=175=1
3219,1,8,90,603=8,100=1000,7=200|604=6,11=87|21=87|13=1750|12=175|22=175,,11=87=1|13=1750=1|12=175=1|22=175=1
3219,1,9,100,603=9,100=1200,7=220|604=7,11=87|21=87|13=1750|12=175|22=175,,11=87=1|13=1750=1|12=175=1|22=175=1
3220,1,1,25,603=1,100=300,7=60|604=2,11=12|21=12|13=250|12=25|22=25,,11=12=1|13=250=1|12=25=1|22=25=1
3220,1,2,32,603=2,100=400,7=80|604=2,11=25|21=25|13=500|12=50|22=50,,11=25=1|13=500=1|12=50=1|22=50=1
3220,1,3,40,603=3,100=500,7=100|604=3,11=37|21=37|13=750|12=75|22=75,,11=37=1|13=750=1|12=75=1|22=75=1
3220,1,4,50,603=4,100=600,7=120|604=4,11=50|21=50|13=1000|12=100|22=100,,11=50=1|13=1000=1|12=100=1|22=100=1
3220,1,5,60,603=5,100=700,7=140|604=4,11=62|21=62|13=1250|12=125|22=125,,11=62=1|13=1250=1|12=125=1|22=125=1
3220,1,6,70,603=6,100=800,7=160|604=5,11=75|21=75|13=1500|12=150|22=150,,11=75=1|13=1500=1|12=150=1|22=150=1
3220,1,7,80,603=7,100=900,7=180|604=6,11=87|21=87|13=1750|12=175|22=175,,11=87=1|13=1750=1|12=175=1|22=175=1
3220,1,8,90,603=8,100=1000,7=200|604=6,11=87|21=87|13=1750|12=175|22=175,,11=87=1|13=1750=1|12=175=1|22=175=1
3220,1,9,100,603=9,100=1200,7=220|604=7,11=87|21=87|13=1750|12=175|22=175,,11=87=1|13=1750=1|12=175=1|22=175=1
3221,1,1,25,603=1,100=300,7=60|604=2,11=12|21=12|13=250|12=25|22=25,,11=12=1|13=250=1|12=25=1|22=25=1
3221,1,2,32,603=2,100=400,7=80|604=2,11=25|21=25|13=500|12=50|22=50,,11=25=1|13=500=1|12=50=1|22=50=1
3221,1,3,40,603=3,100=500,7=100|604=3,11=37|21=37|13=750|12=75|22=75,,11=37=1|13=750=1|12=75=1|22=75=1
3221,1,4,50,603=4,100=600,7=120|604=4,11=50|21=50|13=1000|12=100|22=100,,11=50=1|13=1000=1|12=100=1|22=100=1
3221,1,5,60,603=5,100=700,7=140|604=4,11=62|21=62|13=1250|12=125|22=125,,11=62=1|13=1250=1|12=125=1|22=125=1
3221,1,6,70,603=6,100=800,7=160|604=5,11=75|21=75|13=1500|12=150|22=150,,11=75=1|13=1500=1|12=150=1|22=150=1
3221,1,7,80,603=7,100=900,7=180|604=6,11=87|21=87|13=1750|12=175|22=175,,11=87=1|13=1750=1|12=175=1|22=175=1
3221,1,8,90,603=8,100=1000,7=200|604=6,11=87|21=87|13=1750|12=175|22=175,,11=87=1|13=1750=1|12=175=1|22=175=1
3221,1,9,100,603=9,100=1200,7=220|604=7,11=87|21=87|13=1750|12=175|22=175,,11=87=1|13=1750=1|12=175=1|22=175=1
3301,2,1,25,603=2,100=400,7=80|604=2,11=25|21=25|13=500|12=50|22=50,,11=25=1|13=500=1|12=50=1|22=50=1
3301,2,2,32,603=3,100=500,7=100|604=3,11=37|21=37|13=750|12=75|22=75,,11=37=1|13=750=1|12=75=1|22=75=1
3301,2,3,40,603=4,100=600,7=120|604=4,11=50|21=50|13=1000|12=100|22=100,,11=50=1|13=1000=1|12=100=1|22=100=1
3301,2,4,50,603=5,100=700,7=140|604=4,11=62|21=62|13=1250|12=125|22=125,,11=62=1|13=1250=1|12=125=1|22=125=1
3301,2,5,60,603=6,100=800,7=160|604=5,11=75|21=75|13=1500|12=150|22=150,,11=75=1|13=1500=1|12=150=1|22=150=1
3301,2,6,70,603=7,100=900,7=180|604=6,11=87|21=87|13=1750|12=175|22=175,,11=87=1|13=1750=1|12=175=1|22=175=1
3301,2,7,80,603=8,100=1000,7=200|604=6,11=100|21=100|13=2000|12=200|22=200,,11=100=1|13=2000=1|12=200=1|22=200=1
3301,2,8,90,603=10,100=1200,7=240|604=8,11=100|21=100|13=2000|12=200|22=200,,11=100=1|13=2000=1|12=200=1|22=200=1
3301,2,9,100,603=12,100=1500,7=300|604=10,11=100|21=100|13=2000|12=200|22=200,,11=100=1|13=2000=1|12=200=1|22=200=1
3302,2,1,25,603=2,100=400,7=80|604=2,11=25|21=25|13=500|12=50|22=50,,11=25=1|13=500=1|12=50=1|22=50=1
3302,2,2,32,603=3,100=500,7=100|604=3,11=37|21=37|13=750|12=75|22=75,,11=37=1|13=750=1|12=75=1|22=75=1
3302,2,3,40,603=4,100=600,7=120|604=4,11=50|21=50|13=1000|12=100|22=100,,11=50=1|13=1000=1|12=100=1|22=100=1
3302,2,4,50,603=5,100=700,7=140|604=4,11=62|21=62|13=1250|12=125|22=125,,11=62=1|13=1250=1|12=125=1|22=125=1
3302,2,5,60,603=6,100=800,7=160|604=5,11=75|21=75|13=1500|12=150|22=150,,11=75=1|13=1500=1|12=150=1|22=150=1
3302,2,6,70,603=7,100=900,7=180|604=6,11=87|21=87|13=1750|12=175|22=175,,11=87=1|13=1750=1|12=175=1|22=175=1
3302,2,7,80,603=8,100=1000,7=200|604=6,11=100|21=100|13=2000|12=200|22=200,,11=100=1|13=2000=1|12=200=1|22=200=1
3302,2,8,90,603=10,100=1200,7=240|604=8,11=100|21=100|13=2000|12=200|22=200,,11=100=1|13=2000=1|12=200=1|22=200=1
3302,2,9,100,603=12,100=1500,7=300|604=10,11=100|21=100|13=2000|12=200|22=200,,11=100=1|13=2000=1|12=200=1|22=200=1
3303,2,1,25,603=2,100=400,7=80|604=2,11=25|21=25|13=500|12=50|22=50,,11=25=1|13=500=1|12=50=1|22=50=1
3303,2,2,32,603=3,100=500,7=100|604=3,11=37|21=37|13=750|12=75|22=75,,11=37=1|13=750=1|12=75=1|22=75=1
3303,2,3,40,603=4,100=600,7=120|604=4,11=50|21=50|13=1000|12=100|22=100,,11=50=1|13=1000=1|12=100=1|22=100=1
3303,2,4,50,603=5,100=700,7=140|604=4,11=62|21=62|13=1250|12=125|22=125,,11=62=1|13=1250=1|12=125=1|22=125=1
3303,2,5,60,603=6,100=800,7=160|604=5,11=75|21=75|13=1500|12=150|22=150,,11=75=1|13=1500=1|12=150=1|22=150=1
3303,2,6,70,603=7,100=900,7=180|604=6,11=87|21=87|13=1750|12=175|22=175,,11=87=1|13=1750=1|12=175=1|22=175=1
3303,2,7,80,603=8,100=1000,7=200|604=6,11=100|21=100|13=2000|12=200|22=200,,11=100=1|13=2000=1|12=200=1|22=200=1
3303,2,8,90,603=10,100=1200,7=240|604=8,11=100|21=100|13=2000|12=200|22=200,,11=100=1|13=2000=1|12=200=1|22=200=1
3303,2,9,100,603=12,100=1500,7=300|604=10,11=100|21=100|13=2000|12=200|22=200,,11=100=1|13=2000=1|12=200=1|22=200=1
3304,2,1,25,603=2,100=400,7=80|604=2,11=25|21=25|13=500|12=50|22=50,,11=25=1|13=500=1|12=50=1|22=50=1
3304,2,2,32,603=3,100=500,7=100|604=3,11=37|21=37|13=750|12=75|22=75,,11=37=1|13=750=1|12=75=1|22=75=1
3304,2,3,40,603=4,100=600,7=120|604=4,11=50|21=50|13=1000|12=100|22=100,,11=50=1|13=1000=1|12=100=1|22=100=1
3304,2,4,50,603=5,100=700,7=140|604=4,11=62|21=62|13=1250|12=125|22=125,,11=62=1|13=1250=1|12=125=1|22=125=1
3304,2,5,60,603=6,100=800,7=160|604=5,11=75|21=75|13=1500|12=150|22=150,,11=75=1|13=1500=1|12=150=1|22=150=1
3304,2,6,70,603=7,100=900,7=180|604=6,11=87|21=87|13=1750|12=175|22=175,,11=87=1|13=1750=1|12=175=1|22=175=1
3304,2,7,80,603=8,100=1000,7=200|604=6,11=100|21=100|13=2000|12=200|22=200,,11=100=1|13=2000=1|12=200=1|22=200=1
3304,2,8,90,603=10,100=1200,7=240|604=8,11=100|21=100|13=2000|12=200|22=200,,11=100=1|13=2000=1|12=200=1|22=200=1
3304,2,9,100,603=12,100=1500,7=300|604=10,11=100|21=100|13=2000|12=200|22=200,,11=100=1|13=2000=1|12=200=1|22=200=1
3305,2,1,25,603=2,100=400,7=80|604=2,11=25|21=25|13=500|12=50|22=50,,11=25=1|13=500=1|12=50=1|22=50=1
3305,2,2,32,603=3,100=500,7=100|604=3,11=37|21=37|13=750|12=75|22=75,,11=37=1|13=750=1|12=75=1|22=75=1
3305,2,3,40,603=4,100=600,7=120|604=4,11=50|21=50|13=1000|12=100|22=100,,11=50=1|13=1000=1|12=100=1|22=100=1
3305,2,4,50,603=5,100=700,7=140|604=4,11=62|21=62|13=1250|12=125|22=125,,11=62=1|13=1250=1|12=125=1|22=125=1
3305,2,5,60,603=6,100=800,7=160|604=5,11=75|21=75|13=1500|12=150|22=150,,11=75=1|13=1500=1|12=150=1|22=150=1
3305,2,6,70,603=7,100=900,7=180|604=6,11=87|21=87|13=1750|12=175|22=175,,11=87=1|13=1750=1|12=175=1|22=175=1
3305,2,7,80,603=8,100=1000,7=200|604=6,11=100|21=100|13=2000|12=200|22=200,,11=100=1|13=2000=1|12=200=1|22=200=1
3305,2,8,90,603=10,100=1200,7=240|604=8,11=100|21=100|13=2000|12=200|22=200,,11=100=1|13=2000=1|12=200=1|22=200=1
3305,2,9,100,603=12,100=1500,7=300|604=10,11=100|21=100|13=2000|12=200|22=200,,11=100=1|13=2000=1|12=200=1|22=200=1
3306,2,1,25,603=2,100=400,7=80|604=2,11=25|21=25|13=500|12=50|22=50,,11=25=1|13=500=1|12=50=1|22=50=1
3306,2,2,32,603=3,100=500,7=100|604=3,11=37|21=37|13=750|12=75|22=75,,11=37=1|13=750=1|12=75=1|22=75=1
3306,2,3,40,603=4,100=600,7=120|604=4,11=50|21=50|13=1000|12=100|22=100,,11=50=1|13=1000=1|12=100=1|22=100=1
3306,2,4,50,603=5,100=700,7=140|604=4,11=62|21=62|13=1250|12=125|22=125,,11=62=1|13=1250=1|12=125=1|22=125=1
3306,2,5,60,603=6,100=800,7=160|604=5,11=75|21=75|13=1500|12=150|22=150,,11=75=1|13=1500=1|12=150=1|22=150=1
3306,2,6,70,603=7,100=900,7=180|604=6,11=87|21=87|13=1750|12=175|22=175,,11=87=1|13=1750=1|12=175=1|22=175=1
3306,2,7,80,603=8,100=1000,7=200|604=6,11=100|21=100|13=2000|12=200|22=200,,11=100=1|13=2000=1|12=200=1|22=200=1
3306,2,8,90,603=10,100=1200,7=240|604=8,11=100|21=100|13=2000|12=200|22=200,,11=100=1|13=2000=1|12=200=1|22=200=1
3306,2,9,100,603=12,100=1500,7=300|604=10,11=100|21=100|13=2000|12=200|22=200,,11=100=1|13=2000=1|12=200=1|22=200=1
3307,2,1,25,603=2,100=400,7=80|604=2,11=25|21=25|13=500|12=50|22=50,,11=25=1|13=500=1|12=50=1|22=50=1
3307,2,2,32,603=3,100=500,7=100|604=3,11=37|21=37|13=750|12=75|22=75,,11=37=1|13=750=1|12=75=1|22=75=1
3307,2,3,40,603=4,100=600,7=120|604=4,11=50|21=50|13=1000|12=100|22=100,,11=50=1|13=1000=1|12=100=1|22=100=1
3307,2,4,50,603=5,100=700,7=140|604=4,11=62|21=62|13=1250|12=125|22=125,,11=62=1|13=1250=1|12=125=1|22=125=1
3307,2,5,60,603=6,100=800,7=160|604=5,11=75|21=75|13=1500|12=150|22=150,,11=75=1|13=1500=1|12=150=1|22=150=1
3307,2,6,70,603=7,100=900,7=180|604=6,11=87|21=87|13=1750|12=175|22=175,,11=87=1|13=1750=1|12=175=1|22=175=1
3307,2,7,80,603=8,100=1000,7=200|604=6,11=100|21=100|13=2000|12=200|22=200,,11=100=1|13=2000=1|12=200=1|22=200=1
3307,2,8,90,603=10,100=1200,7=240|604=8,11=100|21=100|13=2000|12=200|22=200,,11=100=1|13=2000=1|12=200=1|22=200=1
3307,2,9,100,603=12,100=1500,7=300|604=10,11=100|21=100|13=2000|12=200|22=200,,11=100=1|13=2000=1|12=200=1|22=200=1
3308,2,1,25,603=2,100=400,7=80|604=2,11=25|21=25|13=500|12=50|22=50,,11=25=1|13=500=1|12=50=1|22=50=1
3308,2,2,32,603=3,100=500,7=100|604=3,11=37|21=37|13=750|12=75|22=75,,11=37=1|13=750=1|12=75=1|22=75=1
3308,2,3,40,603=4,100=600,7=120|604=4,11=50|21=50|13=1000|12=100|22=100,,11=50=1|13=1000=1|12=100=1|22=100=1
3308,2,4,50,603=5,100=700,7=140|604=4,11=62|21=62|13=1250|12=125|22=125,,11=62=1|13=1250=1|12=125=1|22=125=1
3308,2,5,60,603=6,100=800,7=160|604=5,11=75|21=75|13=1500|12=150|22=150,,11=75=1|13=1500=1|12=150=1|22=150=1
3308,2,6,70,603=7,100=900,7=180|604=6,11=87|21=87|13=1750|12=175|22=175,,11=87=1|13=1750=1|12=175=1|22=175=1
3308,2,7,80,603=8,100=1000,7=200|604=6,11=100|21=100|13=2000|12=200|22=200,,11=100=1|13=2000=1|12=200=1|22=200=1
3308,2,8,90,603=10,100=1200,7=240|604=8,11=100|21=100|13=2000|12=200|22=200,,11=100=1|13=2000=1|12=200=1|22=200=1
3308,2,9,100,603=12,100=1500,7=300|604=10,11=100|21=100|13=2000|12=200|22=200,,11=100=1|13=2000=1|12=200=1|22=200=1
3309,2,1,25,603=2,100=400,7=80|604=2,11=25|21=25|13=500|12=50|22=50,,11=25=1|13=500=1|12=50=1|22=50=1
3309,2,2,32,603=3,100=500,7=100|604=3,11=37|21=37|13=750|12=75|22=75,,11=37=1|13=750=1|12=75=1|22=75=1
3309,2,3,40,603=4,100=600,7=120|604=4,11=50|21=50|13=1000|12=100|22=100,,11=50=1|13=1000=1|12=100=1|22=100=1
3309,2,4,50,603=5,100=700,7=140|604=4,11=62|21=62|13=1250|12=125|22=125,,11=62=1|13=1250=1|12=125=1|22=125=1
3309,2,5,60,603=6,100=800,7=160|604=5,11=75|21=75|13=1500|12=150|22=150,,11=75=1|13=1500=1|12=150=1|22=150=1
3309,2,6,70,603=7,100=900,7=180|604=6,11=87|21=87|13=1750|12=175|22=175,,11=87=1|13=1750=1|12=175=1|22=175=1
3309,2,7,80,603=8,100=1000,7=200|604=6,11=100|21=100|13=2000|12=200|22=200,,11=100=1|13=2000=1|12=200=1|22=200=1
3309,2,8,90,603=10,100=1200,7=240|604=8,11=100|21=100|13=2000|12=200|22=200,,11=100=1|13=2000=1|12=200=1|22=200=1
3309,2,9,100,603=12,100=1500,7=300|604=10,11=100|21=100|13=2000|12=200|22=200,,11=100=1|13=2000=1|12=200=1|22=200=1
3310,2,1,25,603=2,100=400,7=80|604=2,11=25|21=25|13=500|12=50|22=50,,11=25=1|13=500=1|12=50=1|22=50=1
3310,2,2,32,603=3,100=500,7=100|604=3,11=37|21=37|13=750|12=75|22=75,,11=37=1|13=750=1|12=75=1|22=75=1
3310,2,3,40,603=4,100=600,7=120|604=4,11=50|21=50|13=1000|12=100|22=100,,11=50=1|13=1000=1|12=100=1|22=100=1
3310,2,4,50,603=5,100=700,7=140|604=4,11=62|21=62|13=1250|12=125|22=125,,11=62=1|13=1250=1|12=125=1|22=125=1
3310,2,5,60,603=6,100=800,7=160|604=5,11=75|21=75|13=1500|12=150|22=150,,11=75=1|13=1500=1|12=150=1|22=150=1
3310,2,6,70,603=7,100=900,7=180|604=6,11=87|21=87|13=1750|12=175|22=175,,11=87=1|13=1750=1|12=175=1|22=175=1
3310,2,7,80,603=8,100=1000,7=200|604=6,11=100|21=100|13=2000|12=200|22=200,,11=100=1|13=2000=1|12=200=1|22=200=1
3310,2,8,90,603=10,100=1200,7=240|604=8,11=100|21=100|13=2000|12=200|22=200,,11=100=1|13=2000=1|12=200=1|22=200=1
3310,2,9,100,603=12,100=1500,7=300|604=10,11=100|21=100|13=2000|12=200|22=200,,11=100=1|13=2000=1|12=200=1|22=200=1
3311,2,1,25,603=2,100=400,7=80|604=2,11=25|21=25|13=500|12=50|22=50,,11=25=1|13=500=1|12=50=1|22=50=1
3311,2,2,32,603=3,100=500,7=100|604=3,11=37|21=37|13=750|12=75|22=75,,11=37=1|13=750=1|12=75=1|22=75=1
3311,2,3,40,603=4,100=600,7=120|604=4,11=50|21=50|13=1000|12=100|22=100,,11=50=1|13=1000=1|12=100=1|22=100=1
3311,2,4,50,603=5,100=700,7=140|604=4,11=62|21=62|13=1250|12=125|22=125,,11=62=1|13=1250=1|12=125=1|22=125=1
3311,2,5,60,603=6,100=800,7=160|604=5,11=75|21=75|13=1500|12=150|22=150,,11=75=1|13=1500=1|12=150=1|22=150=1
3311,2,6,70,603=7,100=900,7=180|604=6,11=87|21=87|13=1750|12=175|22=175,,11=87=1|13=1750=1|12=175=1|22=175=1
3311,2,7,80,603=8,100=1000,7=200|604=6,11=100|21=100|13=2000|12=200|22=200,,11=100=1|13=2000=1|12=200=1|22=200=1
3311,2,8,90,603=10,100=1200,7=240|604=8,11=100|21=100|13=2000|12=200|22=200,,11=100=1|13=2000=1|12=200=1|22=200=1
3311,2,9,100,603=12,100=1500,7=300|604=10,11=100|21=100|13=2000|12=200|22=200,,11=100=1|13=2000=1|12=200=1|22=200=1
3312,2,1,25,603=2,100=400,7=80|604=2,11=25|21=25|13=500|12=50|22=50,,11=25=1|13=500=1|12=50=1|22=50=1
3312,2,2,32,603=3,100=500,7=100|604=3,11=37|21=37|13=750|12=75|22=75,,11=37=1|13=750=1|12=75=1|22=75=1
3312,2,3,40,603=4,100=600,7=120|604=4,11=50|21=50|13=1000|12=100|22=100,,11=50=1|13=1000=1|12=100=1|22=100=1
3312,2,4,50,603=5,100=700,7=140|604=4,11=62|21=62|13=1250|12=125|22=125,,11=62=1|13=1250=1|12=125=1|22=125=1
3312,2,5,60,603=6,100=800,7=160|604=5,11=75|21=75|13=1500|12=150|22=150,,11=75=1|13=1500=1|12=150=1|22=150=1
3312,2,6,70,603=7,100=900,7=180|604=6,11=87|21=87|13=1750|12=175|22=175,,11=87=1|13=1750=1|12=175=1|22=175=1
3312,2,7,80,603=8,100=1000,7=200|604=6,11=100|21=100|13=2000|12=200|22=200,,11=100=1|13=2000=1|12=200=1|22=200=1
3312,2,8,90,603=10,100=1200,7=240|604=8,11=100|21=100|13=2000|12=200|22=200,,11=100=1|13=2000=1|12=200=1|22=200=1
3312,2,9,100,603=12,100=1500,7=300|604=10,11=100|21=100|13=2000|12=200|22=200,,11=100=1|13=2000=1|12=200=1|22=200=1
3401,3,1,25,603=3,100=500,7=100|604=3,11=37|21=37|13=750|12=75|22=75,,11=37=1|13=750=1|12=75=1|22=75=1
3401,3,2,32,603=4,100=600,7=120|604=4,11=50|21=50|13=1000|12=100|22=100,,11=50=1|13=1000=1|12=100=1|22=100=1
3401,3,3,40,603=5,100=700,7=140|604=4,11=62|21=62|13=1250|12=125|22=125,,11=62=1|13=1250=1|12=125=1|22=125=1
3401,3,4,50,603=6,100=800,7=160|604=5,11=75|21=75|13=1500|12=150|22=150,,11=75=1|13=1500=1|12=150=1|22=150=1
3401,3,5,60,603=7,100=900,7=180|604=6,11=87|21=87|13=1750|12=175|22=175,,11=87=1|13=1750=1|12=175=1|22=175=1
3401,3,6,70,603=9,100=1000,7=200|604=6,11=100|21=100|13=2000|12=200|22=200,,11=100=1|13=2000=1|12=200=1|22=200=1
3401,3,7,80,603=12,100=1100,7=220|604=7,11=112|21=112|13=2250|12=225|22=225,,11=112=1|13=2250=1|12=225=1|22=225=1
3401,3,8,90,603=16,100=1500,7=300|604=10,11=112|21=112|13=2250|12=225|22=225,,11=112=1|13=2250=1|12=225=1|22=225=1
3401,3,9,100,603=20,100=2000,7=400|604=13,11=112|21=112|13=2250|12=225|22=225,,11=112=1|13=2250=1|12=225=1|22=225=1
3402,3,1,25,603=3,100=500,7=100|604=3,11=37|21=37|13=750|12=75|22=75,,11=37=1|13=750=1|12=75=1|22=75=1
3402,3,2,32,603=4,100=600,7=120|604=4,11=50|21=50|13=1000|12=100|22=100,,11=50=1|13=1000=1|12=100=1|22=100=1
3402,3,3,40,603=5,100=700,7=140|604=4,11=62|21=62|13=1250|12=125|22=125,,11=62=1|13=1250=1|12=125=1|22=125=1
3402,3,4,50,603=6,100=800,7=160|604=5,11=75|21=75|13=1500|12=150|22=150,,11=75=1|13=1500=1|12=150=1|22=150=1
3402,3,5,60,603=7,100=900,7=180|604=6,11=87|21=87|13=1750|12=175|22=175,,11=87=1|13=1750=1|12=175=1|22=175=1
3402,3,6,70,603=9,100=1000,7=200|604=6,11=100|21=100|13=2000|12=200|22=200,,11=100=1|13=2000=1|12=200=1|22=200=1
3402,3,7,80,603=12,100=1100,7=220|604=7,11=112|21=112|13=2250|12=225|22=225,,11=112=1|13=2250=1|12=225=1|22=225=1
3402,3,8,90,603=16,100=1500,7=300|604=10,11=112|21=112|13=2250|12=225|22=225,,11=112=1|13=2250=1|12=225=1|22=225=1
3402,3,9,100,603=20,100=2000,7=400|604=13,11=112|21=112|13=2250|12=225|22=225,,11=112=1|13=2250=1|12=225=1|22=225=1
3403,3,1,25,603=3,100=500,7=100|604=3,11=37|21=37|13=750|12=75|22=75,,11=37=1|13=750=1|12=75=1|22=75=1
3403,3,2,32,603=4,100=600,7=120|604=4,11=50|21=50|13=1000|12=100|22=100,,11=50=1|13=1000=1|12=100=1|22=100=1
3403,3,3,40,603=5,100=700,7=140|604=4,11=62|21=62|13=1250|12=125|22=125,,11=62=1|13=1250=1|12=125=1|22=125=1
3403,3,4,50,603=6,100=800,7=160|604=5,11=75|21=75|13=1500|12=150|22=150,,11=75=1|13=1500=1|12=150=1|22=150=1
3403,3,5,60,603=7,100=900,7=180|604=6,11=87|21=87|13=1750|12=175|22=175,,11=87=1|13=1750=1|12=175=1|22=175=1
3403,3,6,70,603=9,100=1000,7=200|604=6,11=100|21=100|13=2000|12=200|22=200,,11=100=1|13=2000=1|12=200=1|22=200=1
3403,3,7,80,603=12,100=1100,7=220|604=7,11=112|21=112|13=2250|12=225|22=225,,11=112=1|13=2250=1|12=225=1|22=225=1
3403,3,8,90,603=16,100=1500,7=300|604=10,11=112|21=112|13=2250|12=225|22=225,,11=112=1|13=2250=1|12=225=1|22=225=1
3403,3,9,100,603=20,100=2000,7=400|604=13,11=112|21=112|13=2250|12=225|22=225,,11=112=1|13=2250=1|12=225=1|22=225=1
3404,3,1,25,603=3,100=500,7=100|604=3,11=37|21=37|13=750|12=75|22=75,,11=37=1|13=750=1|12=75=1|22=75=1
3404,3,2,32,603=4,100=600,7=120|604=4,11=50|21=50|13=1000|12=100|22=100,,11=50=1|13=1000=1|12=100=1|22=100=1
3404,3,3,40,603=5,100=700,7=140|604=4,11=62|21=62|13=1250|12=125|22=125,,11=62=1|13=1250=1|12=125=1|22=125=1
3404,3,4,50,603=6,100=800,7=160|604=5,11=75|21=75|13=1500|12=150|22=150,,11=75=1|13=1500=1|12=150=1|22=150=1
3404,3,5,60,603=7,100=900,7=180|604=6,11=87|21=87|13=1750|12=175|22=175,,11=87=1|13=1750=1|12=175=1|22=175=1
3404,3,6,70,603=9,100=1000,7=200|604=6,11=100|21=100|13=2000|12=200|22=200,,11=100=1|13=2000=1|12=200=1|22=200=1
3404,3,7,80,603=12,100=1100,7=220|604=7,11=112|21=112|13=2250|12=225|22=225,,11=112=1|13=2250=1|12=225=1|22=225=1
3404,3,8,90,603=16,100=1500,7=300|604=10,11=112|21=112|13=2250|12=225|22=225,,11=112=1|13=2250=1|12=225=1|22=225=1
3404,3,9,100,603=20,100=2000,7=400|604=13,11=112|21=112|13=2250|12=225|22=225,,11=112=1|13=2250=1|12=225=1|22=225=1
3405,3,1,25,603=3,100=500,7=100|604=3,11=37|21=37|13=750|12=75|22=75,,11=37=1|13=750=1|12=75=1|22=75=1
3405,3,2,32,603=4,100=600,7=120|604=4,11=50|21=50|13=1000|12=100|22=100,,11=50=1|13=1000=1|12=100=1|22=100=1
3405,3,3,40,603=5,100=700,7=140|604=4,11=62|21=62|13=1250|12=125|22=125,,11=62=1|13=1250=1|12=125=1|22=125=1
3405,3,4,50,603=6,100=800,7=160|604=5,11=75|21=75|13=1500|12=150|22=150,,11=75=1|13=1500=1|12=150=1|22=150=1
3405,3,5,60,603=7,100=900,7=180|604=6,11=87|21=87|13=1750|12=175|22=175,,11=87=1|13=1750=1|12=175=1|22=175=1
3405,3,6,70,603=9,100=1000,7=200|604=6,11=100|21=100|13=2000|12=200|22=200,,11=100=1|13=2000=1|12=200=1|22=200=1
3405,3,7,80,603=12,100=1100,7=220|604=7,11=112|21=112|13=2250|12=225|22=225,,11=112=1|13=2250=1|12=225=1|22=225=1
3405,3,8,90,603=16,100=1500,7=300|604=10,11=112|21=112|13=2250|12=225|22=225,,11=112=1|13=2250=1|12=225=1|22=225=1
3405,3,9,100,603=20,100=2000,7=400|604=13,11=112|21=112|13=2250|12=225|22=225,,11=112=1|13=2250=1|12=225=1|22=225=1
3406,3,1,25,603=3,100=500,7=100|604=3,11=37|21=37|13=750|12=75|22=75,,11=37=1|13=750=1|12=75=1|22=75=1
3406,3,2,32,603=4,100=600,7=120|604=4,11=50|21=50|13=1000|12=100|22=100,,11=50=1|13=1000=1|12=100=1|22=100=1
3406,3,3,40,603=5,100=700,7=140|604=4,11=62|21=62|13=1250|12=125|22=125,,11=62=1|13=1250=1|12=125=1|22=125=1
3406,3,4,50,603=6,100=800,7=160|604=5,11=75|21=75|13=1500|12=150|22=150,,11=75=1|13=1500=1|12=150=1|22=150=1
3406,3,5,60,603=7,100=900,7=180|604=6,11=87|21=87|13=1750|12=175|22=175,,11=87=1|13=1750=1|12=175=1|22=175=1
3406,3,6,70,603=9,100=1000,7=200|604=6,11=100|21=100|13=2000|12=200|22=200,,11=100=1|13=2000=1|12=200=1|22=200=1
3406,3,7,80,603=12,100=1100,7=220|604=7,11=112|21=112|13=2250|12=225|22=225,,11=112=1|13=2250=1|12=225=1|22=225=1
3406,3,8,90,603=16,100=1500,7=300|604=10,11=112|21=112|13=2250|12=225|22=225,,11=112=1|13=2250=1|12=225=1|22=225=1
3406,3,9,100,603=20,100=2000,7=400|604=13,11=112|21=112|13=2250|12=225|22=225,,11=112=1|13=2250=1|12=225=1|22=225=1
3407,3,1,25,603=3,100=500,7=100|604=3,11=37|21=37|13=750|12=75|22=75,,11=37=1|13=750=1|12=75=1|22=75=1
3407,3,2,32,603=4,100=600,7=120|604=4,11=50|21=50|13=1000|12=100|22=100,,11=50=1|13=1000=1|12=100=1|22=100=1
3407,3,3,40,603=5,100=700,7=140|604=4,11=62|21=62|13=1250|12=125|22=125,,11=62=1|13=1250=1|12=125=1|22=125=1
3407,3,4,50,603=6,100=800,7=160|604=5,11=75|21=75|13=1500|12=150|22=150,,11=75=1|13=1500=1|12=150=1|22=150=1
3407,3,5,60,603=7,100=900,7=180|604=6,11=87|21=87|13=1750|12=175|22=175,,11=87=1|13=1750=1|12=175=1|22=175=1
3407,3,6,70,603=9,100=1000,7=200|604=6,11=100|21=100|13=2000|12=200|22=200,,11=100=1|13=2000=1|12=200=1|22=200=1
3407,3,7,80,603=12,100=1100,7=220|604=7,11=112|21=112|13=2250|12=225|22=225,,11=112=1|13=2250=1|12=225=1|22=225=1
3407,3,8,90,603=16,100=1500,7=300|604=10,11=112|21=112|13=2250|12=225|22=225,,11=112=1|13=2250=1|12=225=1|22=225=1
3407,3,9,100,603=20,100=2000,7=400|604=13,11=112|21=112|13=2250|12=225|22=225,,11=112=1|13=2250=1|12=225=1|22=225=1
3408,3,1,25,603=3,100=500,7=100|604=3,11=37|21=37|13=750|12=75|22=75,,11=37=1|13=750=1|12=75=1|22=75=1
3408,3,2,32,603=4,100=600,7=120|604=4,11=50|21=50|13=1000|12=100|22=100,,11=50=1|13=1000=1|12=100=1|22=100=1
3408,3,3,40,603=5,100=700,7=140|604=4,11=62|21=62|13=1250|12=125|22=125,,11=62=1|13=1250=1|12=125=1|22=125=1
3408,3,4,50,603=6,100=800,7=160|604=5,11=75|21=75|13=1500|12=150|22=150,,11=75=1|13=1500=1|12=150=1|22=150=1
3408,3,5,60,603=7,100=900,7=180|604=6,11=87|21=87|13=1750|12=175|22=175,,11=87=1|13=1750=1|12=175=1|22=175=1
3408,3,6,70,603=9,100=1000,7=200|604=6,11=100|21=100|13=2000|12=200|22=200,,11=100=1|13=2000=1|12=200=1|22=200=1
3408,3,7,80,603=12,100=1100,7=220|604=7,11=112|21=112|13=2250|12=225|22=225,,11=112=1|13=2250=1|12=225=1|22=225=1
3408,3,8,90,603=16,100=1500,7=300|604=10,11=112|21=112|13=2250|12=225|22=225,,11=112=1|13=2250=1|12=225=1|22=225=1
3408,3,9,100,603=20,100=2000,7=400|604=13,11=112|21=112|13=2250|12=225|22=225,,11=112=1|13=2250=1|12=225=1|22=225=1
3409,3,1,25,603=3,100=500,7=100|604=3,11=37|21=37|13=750|12=75|22=75,,11=37=1|13=750=1|12=75=1|22=75=1
3409,3,2,32,603=4,100=600,7=120|604=4,11=50|21=50|13=1000|12=100|22=100,,11=50=1|13=1000=1|12=100=1|22=100=1
3409,3,3,40,603=5,100=700,7=140|604=4,11=62|21=62|13=1250|12=125|22=125,,11=62=1|13=1250=1|12=125=1|22=125=1
3409,3,4,50,603=6,100=800,7=160|604=5,11=75|21=75|13=1500|12=150|22=150,,11=75=1|13=1500=1|12=150=1|22=150=1
3409,3,5,60,603=7,100=900,7=180|604=6,11=87|21=87|13=1750|12=175|22=175,,11=87=1|13=1750=1|12=175=1|22=175=1
3409,3,6,70,603=9,100=1000,7=200|604=6,11=100|21=100|13=2000|12=200|22=200,,11=100=1|13=2000=1|12=200=1|22=200=1
3409,3,7,80,603=12,100=1100,7=220|604=7,11=112|21=112|13=2250|12=225|22=225,,11=112=1|13=2250=1|12=225=1|22=225=1
3409,3,8,90,603=16,100=1500,7=300|604=10,11=112|21=112|13=2250|12=225|22=225,,11=112=1|13=2250=1|12=225=1|22=225=1
3409,3,9,100,603=20,100=2000,7=400|604=13,11=112|21=112|13=2250|12=225|22=225,,11=112=1|13=2250=1|12=225=1|22=225=1
3410,3,1,25,603=3,100=500,7=100|604=3,11=37|21=37|13=750|12=75|22=75,,11=37=1|13=750=1|12=75=1|22=75=1
3410,3,2,32,603=4,100=600,7=120|604=4,11=50|21=50|13=1000|12=100|22=100,,11=50=1|13=1000=1|12=100=1|22=100=1
3410,3,3,40,603=5,100=700,7=140|604=4,11=62|21=62|13=1250|12=125|22=125,,11=62=1|13=1250=1|12=125=1|22=125=1
3410,3,4,50,603=6,100=800,7=160|604=5,11=75|21=75|13=1500|12=150|22=150,,11=75=1|13=1500=1|12=150=1|22=150=1
3410,3,5,60,603=7,100=900,7=180|604=6,11=87|21=87|13=1750|12=175|22=175,,11=87=1|13=1750=1|12=175=1|22=175=1
3410,3,6,70,603=9,100=1000,7=200|604=6,11=100|21=100|13=2000|12=200|22=200,,11=100=1|13=2000=1|12=200=1|22=200=1
3410,3,7,80,603=12,100=1100,7=220|604=7,11=112|21=112|13=2250|12=225|22=225,,11=112=1|13=2250=1|12=225=1|22=225=1
3410,3,8,90,603=16,100=1500,7=300|604=10,11=112|21=112|13=2250|12=225|22=225,,11=112=1|13=2250=1|12=225=1|22=225=1
3410,3,9,100,603=20,100=2000,7=400|604=13,11=112|21=112|13=2250|12=225|22=225,,11=112=1|13=2250=1|12=225=1|22=225=1
3411,3,1,25,603=3,100=500,7=100|604=3,11=37|21=37|13=750|12=75|22=75,,11=37=1|13=750=1|12=75=1|22=75=1
3411,3,2,32,603=4,100=600,7=120|604=4,11=50|21=50|13=1000|12=100|22=100,,11=50=1|13=1000=1|12=100=1|22=100=1
3411,3,3,40,603=5,100=700,7=140|604=4,11=62|21=62|13=1250|12=125|22=125,,11=62=1|13=1250=1|12=125=1|22=125=1
3411,3,4,50,603=6,100=800,7=160|604=5,11=75|21=75|13=1500|12=150|22=150,,11=75=1|13=1500=1|12=150=1|22=150=1
3411,3,5,60,603=7,100=900,7=180|604=6,11=87|21=87|13=1750|12=175|22=175,,11=87=1|13=1750=1|12=175=1|22=175=1
3411,3,6,70,603=9,100=1000,7=200|604=6,11=100|21=100|13=2000|12=200|22=200,,11=100=1|13=2000=1|12=200=1|22=200=1
3411,3,7,80,603=12,100=1100,7=220|604=7,11=112|21=112|13=2250|12=225|22=225,,11=112=1|13=2250=1|12=225=1|22=225=1
3411,3,8,90,603=16,100=1500,7=300|604=10,11=112|21=112|13=2250|12=225|22=225,,11=112=1|13=2250=1|12=225=1|22=225=1
3411,3,9,100,603=20,100=2000,7=400|604=13,11=112|21=112|13=2250|12=225|22=225,,11=112=1|13=2250=1|12=225=1|22=225=1
3412,3,1,25,603=3,100=500,7=100|604=3,11=37|21=37|13=750|12=75|22=75,,11=37=1|13=750=1|12=75=1|22=75=1
3412,3,2,32,603=4,100=600,7=120|604=4,11=50|21=50|13=1000|12=100|22=100,,11=50=1|13=1000=1|12=100=1|22=100=1
3412,3,3,40,603=5,100=700,7=140|604=4,11=62|21=62|13=1250|12=125|22=125,,11=62=1|13=1250=1|12=125=1|22=125=1
3412,3,4,50,603=6,100=800,7=160|604=5,11=75|21=75|13=1500|12=150|22=150,,11=75=1|13=1500=1|12=150=1|22=150=1
3412,3,5,60,603=7,100=900,7=180|604=6,11=87|21=87|13=1750|12=175|22=175,,11=87=1|13=1750=1|12=175=1|22=175=1
3412,3,6,70,603=9,100=1000,7=200|604=6,11=100|21=100|13=2000|12=200|22=200,,11=100=1|13=2000=1|12=200=1|22=200=1
3412,3,7,80,603=12,100=1100,7=220|604=7,11=112|21=112|13=2250|12=225|22=225,,11=112=1|13=2250=1|12=225=1|22=225=1
3412,3,8,90,603=16,100=1500,7=300|604=10,11=112|21=112|13=2250|12=225|22=225,,11=112=1|13=2250=1|12=225=1|22=225=1
3412,3,9,100,603=20,100=2000,7=400|604=13,11=112|21=112|13=2250|12=225|22=225,,11=112=1|13=2250=1|12=225=1|22=225=1
3413,3,1,25,603=3,100=500,7=100|604=3,11=37|21=37|13=750|12=75|22=75,,11=37=1|13=750=1|12=75=1|22=75=1
3413,3,2,32,603=4,100=600,7=120|604=4,11=50|21=50|13=1000|12=100|22=100,,11=50=1|13=1000=1|12=100=1|22=100=1
3413,3,3,40,603=5,100=700,7=140|604=4,11=62|21=62|13=1250|12=125|22=125,,11=62=1|13=1250=1|12=125=1|22=125=1
3413,3,4,50,603=6,100=800,7=160|604=5,11=75|21=75|13=1500|12=150|22=150,,11=75=1|13=1500=1|12=150=1|22=150=1
3413,3,5,60,603=7,100=900,7=180|604=6,11=87|21=87|13=1750|12=175|22=175,,11=87=1|13=1750=1|12=175=1|22=175=1
3413,3,6,70,603=9,100=1000,7=200|604=6,11=100|21=100|13=2000|12=200|22=200,,11=100=1|13=2000=1|12=200=1|22=200=1
3413,3,7,80,603=12,100=1100,7=220|604=7,11=112|21=112|13=2250|12=225|22=225,,11=112=1|13=2250=1|12=225=1|22=225=1
3413,3,8,90,603=16,100=1500,7=300|604=10,11=112|21=112|13=2250|12=225|22=225,,11=112=1|13=2250=1|12=225=1|22=225=1
3413,3,9,100,603=20,100=2000,7=400|604=13,11=112|21=112|13=2250|12=225|22=225,,11=112=1|13=2250=1|12=225=1|22=225=1
3414,3,1,25,603=3,100=500,7=100|604=3,11=37|21=37|13=750|12=75|22=75,,11=37=1|13=750=1|12=75=1|22=75=1
3414,3,2,32,603=4,100=600,7=120|604=4,11=50|21=50|13=1000|12=100|22=100,,11=50=1|13=1000=1|12=100=1|22=100=1
3414,3,3,40,603=5,100=700,7=140|604=4,11=62|21=62|13=1250|12=125|22=125,,11=62=1|13=1250=1|12=125=1|22=125=1
3414,3,4,50,603=6,100=800,7=160|604=5,11=75|21=75|13=1500|12=150|22=150,,11=75=1|13=1500=1|12=150=1|22=150=1
3414,3,5,60,603=7,100=900,7=180|604=6,11=87|21=87|13=1750|12=175|22=175,,11=87=1|13=1750=1|12=175=1|22=175=1
3414,3,6,70,603=9,100=1000,7=200|604=6,11=100|21=100|13=2000|12=200|22=200,,11=100=1|13=2000=1|12=200=1|22=200=1
3414,3,7,80,603=12,100=1100,7=220|604=7,11=112|21=112|13=2250|12=225|22=225,,11=112=1|13=2250=1|12=225=1|22=225=1
3414,3,8,90,603=16,100=1500,7=300|604=10,11=112|21=112|13=2250|12=225|22=225,,11=112=1|13=2250=1|12=225=1|22=225=1
3414,3,9,100,603=20,100=2000,7=400|604=13,11=112|21=112|13=2250|12=225|22=225,,11=112=1|13=2250=1|12=225=1|22=225=1
3415,3,1,25,603=3,100=500,7=100|604=3,11=37|21=37|13=750|12=75|22=75,,11=37=1|13=750=1|12=75=1|22=75=1
3415,3,2,32,603=4,100=600,7=120|604=4,11=50|21=50|13=1000|12=100|22=100,,11=50=1|13=1000=1|12=100=1|22=100=1
3415,3,3,40,603=5,100=700,7=140|604=4,11=62|21=62|13=1250|12=125|22=125,,11=62=1|13=1250=1|12=125=1|22=125=1
3415,3,4,50,603=6,100=800,7=160|604=5,11=75|21=75|13=1500|12=150|22=150,,11=75=1|13=1500=1|12=150=1|22=150=1
3415,3,5,60,603=7,100=900,7=180|604=6,11=87|21=87|13=1750|12=175|22=175,,11=87=1|13=1750=1|12=175=1|22=175=1
3415,3,6,70,603=9,100=1000,7=200|604=6,11=100|21=100|13=2000|12=200|22=200,,11=100=1|13=2000=1|12=200=1|22=200=1
3415,3,7,80,603=12,100=1100,7=220|604=7,11=112|21=112|13=2250|12=225|22=225,,11=112=1|13=2250=1|12=225=1|22=225=1
3415,3,8,90,603=16,100=1500,7=300|604=10,11=112|21=112|13=2250|12=225|22=225,,11=112=1|13=2250=1|12=225=1|22=225=1
3415,3,9,100,603=20,100=2000,7=400|604=13,11=112|21=112|13=2250|12=225|22=225,,11=112=1|13=2250=1|12=225=1|22=225=1
3416,3,1,25,603=3,100=500,7=100|604=3,11=37|21=37|13=750|12=75|22=75,,11=37=1|13=750=1|12=75=1|22=75=1
3416,3,2,32,603=4,100=600,7=120|604=4,11=50|21=50|13=1000|12=100|22=100,,11=50=1|13=1000=1|12=100=1|22=100=1
3416,3,3,40,603=5,100=700,7=140|604=4,11=62|21=62|13=1250|12=125|22=125,,11=62=1|13=1250=1|12=125=1|22=125=1
3416,3,4,50,603=6,100=800,7=160|604=5,11=75|21=75|13=1500|12=150|22=150,,11=75=1|13=1500=1|12=150=1|22=150=1
3416,3,5,60,603=7,100=900,7=180|604=6,11=87|21=87|13=1750|12=175|22=175,,11=87=1|13=1750=1|12=175=1|22=175=1
3416,3,6,70,603=9,100=1000,7=200|604=6,11=100|21=100|13=2000|12=200|22=200,,11=100=1|13=2000=1|12=200=1|22=200=1
3416,3,7,80,603=12,100=1100,7=220|604=7,11=112|21=112|13=2250|12=225|22=225,,11=112=1|13=2250=1|12=225=1|22=225=1
3416,3,8,90,603=16,100=1500,7=300|604=10,11=112|21=112|13=2250|12=225|22=225,,11=112=1|13=2250=1|12=225=1|22=225=1
3416,3,9,100,603=20,100=2000,7=400|604=13,11=112|21=112|13=2250|12=225|22=225,,11=112=1|13=2250=1|12=225=1|22=225=1
3501,4,1,25,603=4,100=600,7=120|604=4,11=50|21=50|13=1000|12=100|22=100,,11=50=1|13=1000=1|12=100=1|22=100=1
3501,4,2,32,603=5,100=700,7=140|604=4,11=62|21=62|13=1250|12=125|22=125,,11=62=1|13=1250=1|12=125=1|22=125=1
3501,4,3,40,603=6,100=800,7=160|604=5,11=75|21=75|13=1500|12=150|22=150,,11=75=1|13=1500=1|12=150=1|22=150=1
3501,4,4,50,603=7,100=900,7=180|604=6,11=87|21=87|13=1750|12=175|22=175,,11=87=1|13=1750=1|12=175=1|22=175=1
3501,4,5,60,603=8,100=1000,7=200|604=6,11=100|21=100|13=2000|12=200|22=200,,11=100=1|13=2000=1|12=200=1|22=200=1
3501,4,6,70,603=11,100=1300,7=220|604=7,11=112|21=112|13=2250|12=225|22=225,,11=112=1|13=2250=1|12=225=1|22=225=1
3501,4,7,80,603=15,100=1800,7=240|604=8,11=125|21=125|13=2500|12=250|22=250,,11=125=1|13=2500=1|12=250=1|22=250=1
3501,4,8,90,603=20,100=2500,7=350|604=11,11=125|21=125|13=2500|12=250|22=250,,11=125=1|13=2500=1|12=250=1|22=250=1
3501,4,9,100,603=30,100=4000,7=500|604=16,11=125|21=125|13=2500|12=250|22=250,,11=125=1|13=2500=1|12=250=1|22=250=1
3502,4,1,25,603=4,100=600,7=120|604=4,11=50|21=50|13=1000|12=100|22=100,,11=50=1|13=1000=1|12=100=1|22=100=1
3502,4,2,32,603=5,100=700,7=140|604=4,11=62|21=62|13=1250|12=125|22=125,,11=62=1|13=1250=1|12=125=1|22=125=1
3502,4,3,40,603=6,100=800,7=160|604=5,11=75|21=75|13=1500|12=150|22=150,,11=75=1|13=1500=1|12=150=1|22=150=1
3502,4,4,50,603=7,100=900,7=180|604=6,11=87|21=87|13=1750|12=175|22=175,,11=87=1|13=1750=1|12=175=1|22=175=1
3502,4,5,60,603=8,100=1000,7=200|604=6,11=100|21=100|13=2000|12=200|22=200,,11=100=1|13=2000=1|12=200=1|22=200=1
3502,4,6,70,603=11,100=1300,7=220|604=7,11=112|21=112|13=2250|12=225|22=225,,11=112=1|13=2250=1|12=225=1|22=225=1
3502,4,7,80,603=15,100=1800,7=240|604=8,11=125|21=125|13=2500|12=250|22=250,,11=125=1|13=2500=1|12=250=1|22=250=1
3502,4,8,90,603=20,100=2500,7=350|604=11,11=125|21=125|13=2500|12=250|22=250,,11=125=1|13=2500=1|12=250=1|22=250=1
3502,4,9,100,603=30,100=4000,7=500|604=16,11=125|21=125|13=2500|12=250|22=250,,11=125=1|13=2500=1|12=250=1|22=250=1
3503,4,1,25,603=4,100=600,7=120|604=4,11=50|21=50|13=1000|12=100|22=100,,11=50=1|13=1000=1|12=100=1|22=100=1
3503,4,2,32,603=5,100=700,7=140|604=4,11=62|21=62|13=1250|12=125|22=125,,11=62=1|13=1250=1|12=125=1|22=125=1
3503,4,3,40,603=6,100=800,7=160|604=5,11=75|21=75|13=1500|12=150|22=150,,11=75=1|13=1500=1|12=150=1|22=150=1
3503,4,4,50,603=7,100=900,7=180|604=6,11=87|21=87|13=1750|12=175|22=175,,11=87=1|13=1750=1|12=175=1|22=175=1
3503,4,5,60,603=8,100=1000,7=200|604=6,11=100|21=100|13=2000|12=200|22=200,,11=100=1|13=2000=1|12=200=1|22=200=1
3503,4,6,70,603=11,100=1300,7=220|604=7,11=112|21=112|13=2250|12=225|22=225,,11=112=1|13=2250=1|12=225=1|22=225=1
3503,4,7,80,603=15,100=1800,7=240|604=8,11=125|21=125|13=2500|12=250|22=250,,11=125=1|13=2500=1|12=250=1|22=250=1
3503,4,8,90,603=20,100=2500,7=350|604=11,11=125|21=125|13=2500|12=250|22=250,,11=125=1|13=2500=1|12=250=1|22=250=1
3503,4,9,100,603=30,100=4000,7=500|604=16,11=125|21=125|13=2500|12=250|22=250,,11=125=1|13=2500=1|12=250=1|22=250=1
3504,4,1,25,603=4,100=600,7=120|604=4,11=50|21=50|13=1000|12=100|22=100,,11=50=1|13=1000=1|12=100=1|22=100=1
3504,4,2,32,603=5,100=700,7=140|604=4,11=62|21=62|13=1250|12=125|22=125,,11=62=1|13=1250=1|12=125=1|22=125=1
3504,4,3,40,603=6,100=800,7=160|604=5,11=75|21=75|13=1500|12=150|22=150,,11=75=1|13=1500=1|12=150=1|22=150=1
3504,4,4,50,603=7,100=900,7=180|604=6,11=87|21=87|13=1750|12=175|22=175,,11=87=1|13=1750=1|12=175=1|22=175=1
3504,4,5,60,603=8,100=1000,7=200|604=6,11=100|21=100|13=2000|12=200|22=200,,11=100=1|13=2000=1|12=200=1|22=200=1
3504,4,6,70,603=11,100=1300,7=220|604=7,11=112|21=112|13=2250|12=225|22=225,,11=112=1|13=2250=1|12=225=1|22=225=1
3504,4,7,80,603=15,100=1800,7=240|604=8,11=125|21=125|13=2500|12=250|22=250,,11=125=1|13=2500=1|12=250=1|22=250=1
3504,4,8,90,603=20,100=2500,7=350|604=11,11=125|21=125|13=2500|12=250|22=250,,11=125=1|13=2500=1|12=250=1|22=250=1
3504,4,9,100,603=30,100=4000,7=500|604=16,11=125|21=125|13=2500|12=250|22=250,,11=125=1|13=2500=1|12=250=1|22=250=1
3505,4,1,25,603=4,100=600,7=120|604=4,11=50|21=50|13=1000|12=100|22=100,,11=50=1|13=1000=1|12=100=1|22=100=1
3505,4,2,32,603=5,100=700,7=140|604=4,11=62|21=62|13=1250|12=125|22=125,,11=62=1|13=1250=1|12=125=1|22=125=1
3505,4,3,40,603=6,100=800,7=160|604=5,11=75|21=75|13=1500|12=150|22=150,,11=75=1|13=1500=1|12=150=1|22=150=1
3505,4,4,50,603=7,100=900,7=180|604=6,11=87|21=87|13=1750|12=175|22=175,,11=87=1|13=1750=1|12=175=1|22=175=1
3505,4,5,60,603=8,100=1000,7=200|604=6,11=100|21=100|13=2000|12=200|22=200,,11=100=1|13=2000=1|12=200=1|22=200=1
3505,4,6,70,603=11,100=1300,7=220|604=7,11=112|21=112|13=2250|12=225|22=225,,11=112=1|13=2250=1|12=225=1|22=225=1
3505,4,7,80,603=15,100=1800,7=240|604=8,11=125|21=125|13=2500|12=250|22=250,,11=125=1|13=2500=1|12=250=1|22=250=1
3505,4,8,90,603=20,100=2500,7=350|604=11,11=125|21=125|13=2500|12=250|22=250,,11=125=1|13=2500=1|12=250=1|22=250=1
3505,4,9,100,603=30,100=4000,7=500|604=16,11=125|21=125|13=2500|12=250|22=250,,11=125=1|13=2500=1|12=250=1|22=250=1
3506,5,1,25,603=6,100=600,7=180|604=6,11=65|21=65|13=1300|12=130|22=130,,11=65=2|13=1300=3|12=130=3|22=130=3
3506,5,2,32,603=7,100=700,7=210|604=6,11=80|21=80|13=1625|12=163|22=163,,11=80=2|13=1625=3|12=163=3|22=163=3
3506,5,3,40,603=9,100=800,7=240|604=7,11=98|21=98|13=1950|12=195|22=195,,11=98=2|13=1950=3|12=195=3|22=195=3
3506,5,4,50,603=11,100=900,7=270|604=9,11=113|21=113|13=2275|12=228|22=228,,11=113=2|13=2275=3|12=228=3|22=228=3
3506,5,5,60,603=12,100=1000,7=300|604=9,11=130|21=130|13=2600|12=260|22=260,,11=130=2|13=2600=3|12=260=3|22=260=3
3506,5,6,70,603=17,100=1300,7=330|604=10,11=146|21=146|13=2925|12=293|22=293,,11=146=2|13=2925=3|12=293=3|22=293=3
3506,5,7,80,603=22,100=1800,7=360|604=12,11=163|21=163|13=3250|12=325|22=325,,11=163=2|13=3250=3|12=325=3|22=325=3
3506,5,8,90,603=30,100=2500,7=475|604=17,11=163|21=163|13=3250|12=325|22=325,,11=163=2|13=3250=3|12=325=3|22=325=3
3506,5,9,100,603=45,100=4000,7=750|604=24,11=163|21=163|13=3250|12=325|22=325,,11=163=2|13=3250=3|12=325=3|22=325=3
3507,4,1,25,603=4,100=600,7=120|604=4,11=50|21=50|13=1000|12=100|22=100,,11=50=1|13=1000=1|12=100=1|22=100=1
3507,4,2,32,603=5,100=700,7=140|604=4,11=62|21=62|13=1250|12=125|22=125,,11=62=1|13=1250=1|12=125=1|22=125=1
3507,4,3,40,603=6,100=800,7=160|604=5,11=75|21=75|13=1500|12=150|22=150,,11=75=1|13=1500=1|12=150=1|22=150=1
3507,4,4,50,603=7,100=900,7=180|604=6,11=87|21=87|13=1750|12=175|22=175,,11=87=1|13=1750=1|12=175=1|22=175=1
3507,4,5,60,603=8,100=1000,7=200|604=6,11=100|21=100|13=2000|12=200|22=200,,11=100=1|13=2000=1|12=200=1|22=200=1
3507,4,6,70,603=11,100=1300,7=220|604=7,11=112|21=112|13=2250|12=225|22=225,,11=112=1|13=2250=1|12=225=1|22=225=1
3507,4,7,80,603=15,100=1800,7=240|604=8,11=125|21=125|13=2500|12=250|22=250,,11=125=1|13=2500=1|12=250=1|22=250=1
3507,4,8,90,603=20,100=2500,7=350|604=11,11=125|21=125|13=2500|12=250|22=250,,11=125=1|13=2500=1|12=250=1|22=250=1
3507,4,9,100,603=30,100=4000,7=500|604=16,11=125|21=125|13=2500|12=250|22=250,,11=125=1|13=2500=1|12=250=1|22=250=1
3508,4,1,25,603=4,100=600,7=120|604=4,11=50|21=50|13=1000|12=100|22=100,,11=50=1|13=1000=1|12=100=1|22=100=1
3508,4,2,32,603=5,100=700,7=140|604=4,11=62|21=62|13=1250|12=125|22=125,,11=62=1|13=1250=1|12=125=1|22=125=1
3508,4,3,40,603=6,100=800,7=160|604=5,11=75|21=75|13=1500|12=150|22=150,,11=75=1|13=1500=1|12=150=1|22=150=1
3508,4,4,50,603=7,100=900,7=180|604=6,11=87|21=87|13=1750|12=175|22=175,,11=87=1|13=1750=1|12=175=1|22=175=1
3508,4,5,60,603=8,100=1000,7=200|604=6,11=100|21=100|13=2000|12=200|22=200,,11=100=1|13=2000=1|12=200=1|22=200=1
3508,4,6,70,603=11,100=1300,7=220|604=7,11=112|21=112|13=2250|12=225|22=225,,11=112=1|13=2250=1|12=225=1|22=225=1
3508,4,7,80,603=15,100=1800,7=240|604=8,11=125|21=125|13=2500|12=250|22=250,,11=125=1|13=2500=1|12=250=1|22=250=1
3508,4,8,90,603=20,100=2500,7=350|604=11,11=125|21=125|13=2500|12=250|22=250,,11=125=1|13=2500=1|12=250=1|22=250=1
3508,4,9,100,603=30,100=4000,7=500|604=16,11=125|21=125|13=2500|12=250|22=250,,11=125=1|13=2500=1|12=250=1|22=250=1
3509,4,1,25,603=4,100=600,7=120|604=4,11=50|21=50|13=1000|12=100|22=100,,11=50=1|13=1000=1|12=100=1|22=100=1
3509,4,2,32,603=5,100=700,7=140|604=4,11=62|21=62|13=1250|12=125|22=125,,11=62=1|13=1250=1|12=125=1|22=125=1
3509,4,3,40,603=6,100=800,7=160|604=5,11=75|21=75|13=1500|12=150|22=150,,11=75=1|13=1500=1|12=150=1|22=150=1
3509,4,4,50,603=7,100=900,7=180|604=6,11=87|21=87|13=1750|12=175|22=175,,11=87=1|13=1750=1|12=175=1|22=175=1
3509,4,5,60,603=8,100=1000,7=200|604=6,11=100|21=100|13=2000|12=200|22=200,,11=100=1|13=2000=1|12=200=1|22=200=1
3509,4,6,70,603=11,100=1300,7=220|604=7,11=112|21=112|13=2250|12=225|22=225,,11=112=1|13=2250=1|12=225=1|22=225=1
3509,4,7,80,603=15,100=1800,7=240|604=8,11=125|21=125|13=2500|12=250|22=250,,11=125=1|13=2500=1|12=250=1|22=250=1
3509,4,8,90,603=20,100=2500,7=350|604=11,11=125|21=125|13=2500|12=250|22=250,,11=125=1|13=2500=1|12=250=1|22=250=1
3509,4,9,100,603=30,100=4000,7=500|604=16,11=125|21=125|13=2500|12=250|22=250,,11=125=1|13=2500=1|12=250=1|22=250=1
3510,4,1,25,603=4,100=600,7=120|604=4,11=50|21=50|13=1000|12=100|22=100,,11=50=1|13=1000=1|12=100=1|22=100=1
3510,4,2,32,603=5,100=700,7=140|604=4,11=62|21=62|13=1250|12=125|22=125,,11=62=1|13=1250=1|12=125=1|22=125=1
3510,4,3,40,603=6,100=800,7=160|604=5,11=75|21=75|13=1500|12=150|22=150,,11=75=1|13=1500=1|12=150=1|22=150=1
3510,4,4,50,603=7,100=900,7=180|604=6,11=87|21=87|13=1750|12=175|22=175,,11=87=1|13=1750=1|12=175=1|22=175=1
3510,4,5,60,603=8,100=1000,7=200|604=6,11=100|21=100|13=2000|12=200|22=200,,11=100=1|13=2000=1|12=200=1|22=200=1
3510,4,6,70,603=11,100=1300,7=220|604=7,11=112|21=112|13=2250|12=225|22=225,,11=112=1|13=2250=1|12=225=1|22=225=1
3510,4,7,80,603=15,100=1800,7=240|604=8,11=125|21=125|13=2500|12=250|22=250,,11=125=1|13=2500=1|12=250=1|22=250=1
3510,4,8,90,603=20,100=2500,7=350|604=11,11=125|21=125|13=2500|12=250|22=250,,11=125=1|13=2500=1|12=250=1|22=250=1
3510,4,9,100,603=30,100=4000,7=500|604=16,11=125|21=125|13=2500|12=250|22=250,,11=125=1|13=2500=1|12=250=1|22=250=1
3511,4,1,25,603=4,100=600,7=120|604=4,11=50|21=50|13=1000|12=100|22=100,,11=50=1|13=1000=1|12=100=1|22=100=1
3511,4,2,32,603=5,100=700,7=140|604=4,11=62|21=62|13=1250|12=125|22=125,,11=62=1|13=1250=1|12=125=1|22=125=1
3511,4,3,40,603=6,100=800,7=160|604=5,11=75|21=75|13=1500|12=150|22=150,,11=75=1|13=1500=1|12=150=1|22=150=1
3511,4,4,50,603=7,100=900,7=180|604=6,11=87|21=87|13=1750|12=175|22=175,,11=87=1|13=1750=1|12=175=1|22=175=1
3511,4,5,60,603=8,100=1000,7=200|604=6,11=100|21=100|13=2000|12=200|22=200,,11=100=1|13=2000=1|12=200=1|22=200=1
3511,4,6,70,603=11,100=1300,7=220|604=7,11=112|21=112|13=2250|12=225|22=225,,11=112=1|13=2250=1|12=225=1|22=225=1
3511,4,7,80,603=15,100=1800,7=240|604=8,11=125|21=125|13=2500|12=250|22=250,,11=125=1|13=2500=1|12=250=1|22=250=1
3511,4,8,90,603=20,100=2500,7=350|604=11,11=125|21=125|13=2500|12=250|22=250,,11=125=1|13=2500=1|12=250=1|22=250=1
3511,4,9,100,603=30,100=4000,7=500|604=16,11=125|21=125|13=2500|12=250|22=250,,11=125=1|13=2500=1|12=250=1|22=250=1